Country,Year,Population,Urban population,GNI per capita,GINI coefficient,Population under the poverty line,Total electricity access,Edition,AVAILABILITY,Internet users,Quality,AFFORDABILITY,Price,RELEVANCE,READINESS,Income Class
Algeria,2017,40.6,70.8,4850,27.6,0.2,99.99,E1,0.0,31.7,0.0,0.0,0.0,0.0,0.0,Upper-Middle Income
Algeria,2018,41.3,71.5,4370,27.6,0.2,100.0,E2,50.9,47.1,23.4,61.6,81.4,30.3,36.5,Upper-Middle Income
Algeria,2019,42.1,72.0,3920,27.6,0.2,100.0,E3,53.5,54.1,25.1,62.2,82.4,38.9,53.1,Lower-Middle Income
Algeria,2020,42.9,72.6,3960,27.6,0.2,100.0,E4,57.2,74.3,25.6,61.6,81.6,58.1,52.3,Lower-Middle Income
Algeria,2021,43.7,73.2,3970,27.6,0.2,100.0,E5,58.0,74.3,28.4,61.3,81.1,56.3,53.7,Lower-Middle Income
Angola,2017,28.8,63.4,4520,42.7,9.6,40.67,E1,0.0,14.4,0.0,0.0,0.0,0.0,0.0,Upper-Middle Income
Angola,2018,29.8,64.1,3770,42.7,9.6,41.96,E2,28.6,11.0,28.3,58.8,77.6,44.3,45.4,Lower-Middle Income
Angola,2019,30.8,64.8,3450,51.3,9.6,43.26,E3,30.0,11.0,30.9,67.2,80.2,47.3,48.3,Lower-Middle Income
Angola,2020,31.8,65.5,3210,51.3,9.6,43.26,E4,30.6,11.0,32.9,65.6,77.7,47.4,53.5,Lower-Middle Income
Angola,2021,32.9,66.2,3050,51.3,21.4,43.26,E5,30.8,11.0,35.5,59.2,78.3,25.7,54.2,Lower-Middle Income
Argentina,2017,43.5,91.5,12570,42.0,0.3,99.96,E1,0.0,61.9,0.0,0.0,0.0,0.0,0.0,High Income
Argentina,2018,43.9,91.6,12220,41.2,0.3,100.0,E2,65.8,71.7,29.5,73.6,88.9,64.7,73.2,Upper-Middle Income
Argentina,2019,44.4,91.8,13120,41.4,0.3,100.0,E3,66.9,75.8,31.9,72.6,87.2,65.2,74.7,High Income
Argentina,2020,44.8,91.9,12390,41.4,0.2,100.0,E4,71.0,75.8,35.6,72.0,86.7,83.7,77.4,Upper-Middle Income
Argentina,2021,45.2,92.0,11200,41.4,0.4,100.0,E5,71.3,75.8,37.8,72.7,87.8,87.3,78.2,Upper-Middle Income
Australia,2017,24.3,85.7,60500,34.4,0.4,100.0,E1,0.0,85.9,0.0,0.0,0.0,0.0,0.0,High Income
Australia,2018,24.6,85.8,54140,34.4,0.4,100.0,E2,72.5,86.1,41.0,89.6,98.4,64.1,66.2,High Income
Australia,2019,24.9,85.9,51600,34.4,0.4,100.0,E3,73.5,86.1,43.9,82.4,97.9,69.2,70.3,High Income
Australia,2020,25.2,86.0,53250,34.4,0.4,100.0,E4,78.8,86.1,47.7,83.5,99.6,92.7,76.1,High Income
Australia,2021,25.5,86.1,54910,34.4,0.4,100.0,E5,79.7,86.1,48.8,90.1,99.6,91.2,80.9,High Income
Austria,2017,8.6,57.7,47450,30.8,0.1,100.0,E1,0.0,82.3,0.0,0.0,0.0,0.0,0.0,High Income
Austria,2018,8.6,57.9,46220,29.7,0.6,100.0,E2,71.4,85.1,38.8,75.1,88.8,71.1,76.6,High Income
Austria,2019,8.6,58.1,45150,29.7,0.6,100.0,E3,72.5,88.8,40.3,80.1,96.2,74.0,73.0,High Income
Austria,2020,8.6,58.3,49400,29.7,0.2,100.0,E4,75.7,88.8,43.5,78.2,93.6,94.0,82.1,High Income
Austria,2021,8.7,58.5,51300,29.7,0.2,100.0,E5,78.4,89.9,47.3,78.1,93.6,87.2,81.4,High Income
Azerbaijan,2017,9.7,54.7,6570,26.6,0.0,100.0,E1,0.0,76.6,0.0,0.0,0.0,0.0,0.0,Upper-Middle Income
Azerbaijan,2018,9.8,55.0,4760,26.6,0.0,100.0,E2,0.0,77.3,0.0,0.0,0.0,0.0,0.0,Upper-Middle Income
Azerbaijan,2019,9.9,55.3,4090,26.6,0.0,100.0,E3,0.0,77.7,0.0,0.0,0.0,0.0,0.0,Upper-Middle Income
Azerbaijan,2020,10.0,55.7,4060,26.6,0.0,100.0,E4,66.2,78.1,39.7,74.2,80.4,73.3,59.7,Upper-Middle Income
Azerbaijan,2021,10.1,56.0,4480,26.6,0.0,100.0,E5,69.7,78.1,42.0,78.8,87.4,78.5,59.7,Upper-Middle Income
Bahrain,2017,1.4,89.0,22660,34.4,0.2,100.0,E1,0.0,88.7,0.0,0.0,0.0,0.0,0.0,High Income
Bahrain,2018,1.5,89.1,21610,34.4,0.1,100.0,E2,0.0,98.0,0.0,0.0,0.0,0.0,0.0,High Income
Bahrain,2019,1.5,89.2,21180,34.4,0.0,100.0,E3,0.0,98.5,0.0,0.0,0.0,0.0,0.0,High Income
Bahrain,2020,1.5,89.3,21900,34.4,0.5,100.0,E4,72.7,98.6,41.4,67.6,87.0,84.2,75.0,High Income
Bahrain,2021,1.5,89.4,22110,34.4,0.5,100.0,E5,72.8,99.7,44.8,71.4,92.2,84.3,73.6,High Income
Bangladesh,2017,158.0,34.3,1220,32.4,3.6,75.92,E1,0.0,9.8,0.0,0.0,0.0,0.0,0.0,Lower-Middle Income
Bangladesh,2018,159.7,35.1,1370,32.4,3.6,88.0,E2,47.7,14.2,27.1,60.5,80.4,47.6,62.4,Lower-Middle Income
Bangladesh,2019,161.4,35.9,1520,32.4,2.7,85.16,E3,50.6,6.5,31.1,61.1,81.3,47.6,57.1,Lower-Middle Income
Bangladesh,2020,163.0,36.6,1750,32.4,2.7,85.16,E4,55.1,6.5,33.0,64.2,86.1,63.4,69.7,Lower-Middle Income
Bangladesh,2021,164.7,37.4,1940,32.4,2.7,85.16,E5,53.7,37.4,35.1,62.2,83.1,67.6,62.7,Lower-Middle Income
Belgium,2017,11.4,97.9,45540,27.6,0.1,100.0,E1,0.0,81.7,0.0,0.0,0.0,0.0,0.0,High Income
Belgium,2018,11.4,97.9,43440,27.4,0.1,100.0,E2,72.2,84.8,43.0,80.8,96.4,70.7,77.6,High Income
Belgium,2019,11.5,98.0,42750,27.4,0.1,100.0,E3,72.6,86.0,47.0,79.7,94.7,71.2,76.1,High Income
Belgium,2020,11.5,98.0,45940,27.4,0.1,100.0,E4,76.6,87.3,49.3,79.4,93.9,92.1,81.0,High Income
Belgium,2021,11.6,98.0,47350,27.4,0.1,100.0,E5,78.8,89.8,50.6,83.0,99.6,87.9,77.4,High Income
Benin,2017,10.9,45.7,1180,47.8,19.0,38.97,E1,0.0,5.1,0.0,0.0,0.0,0.0,0.0,Lower-Middle Income
Benin,2018,11.2,46.2,1110,47.8,22.4,34.5,E2,0.0,6.3,0.0,0.0,0.0,0.0,0.0,Lower-Middle Income
Benin,2019,11.5,46.8,1090,47.8,22.4,41.53,E3,28.0,4.3,23.0,50.4,75.0,41.4,55.9,Lower-Middle Income
Benin,2020,11.8,47.3,1200,47.8,22.4,41.53,E4,32.2,4.3,24.7,48.4,72.0,46.9,56.1,Lower-Middle Income
Benin,2021,12.1,47.9,1250,47.8,22.4,41.53,E5,32.3,4.3,30.5,48.6,72.3,31.1,59.3,Lower-Middle Income
Botswana,2017,2.2,67.2,6840,53.3,5.8,60.35,E1,0.0,41.5,0.0,0.0,0.0,0.0,0.0,Upper-Middle Income
Botswana,2018,2.2,67.9,6570,53.3,4.3,62.6,E2,41.9,43.5,21.4,55.7,82.2,41.4,51.2,Upper-Middle Income
Botswana,2019,2.2,68.7,6730,53.3,4.3,64.85,E3,43.3,45.5,26.0,59.7,88.1,40.7,64.5,Upper-Middle Income
Botswana,2020,2.3,69.4,7410,53.3,4.3,64.85,E4,45.3,45.5,29.1,66.9,89.1,47.7,63.0,Upper-Middle Income
Botswana,2021,2.3,70.2,7660,53.3,4.3,64.85,E5,48.6,63.4,30.7,67.5,90.0,35.4,68.4,Upper-Middle Income
Brazil,2017,205.2,85.8,10190,53.3,0.9,99.7,E1,0.0,50.8,0.0,0.0,0.0,0.0,0.0,Upper-Middle Income
Brazil,2018,206.8,86.0,8920,53.3,1.1,100.0,E2,63.1,53.8,28.6,83.8,84.7,66.3,50.9,Upper-Middle Income
Brazil,2019,208.5,86.3,8700,53.9,1.4,100.0,E3,65.3,60.7,32.3,83.1,83.6,72.8,63.9,Upper-Middle Income
Brazil,2020,210.1,86.6,9080,53.9,1.6,100.0,E4,69.0,66.6,36.6,81.8,81.6,85.4,68.4,Upper-Middle Income
Brazil,2021,211.8,86.8,9130,53.9,1.7,100.0,E5,71.2,66.6,40.6,86.5,88.5,85.0,64.5,Upper-Middle Income
Bulgaria,2017,7.1,74.0,7450,40.6,0.5,100.0,E1,0.0,59.0,0.0,0.0,0.0,0.0,0.0,Upper-Middle Income
Bulgaria,2018,7.1,74.3,7430,40.4,1.4,100.0,E2,71.5,63.4,42.8,77.2,84.5,74.1,64.0,Upper-Middle Income
Bulgaria,2019,7.0,74.7,7640,40.4,0.7,100.0,E3,72.7,67.2,45.5,70.0,83.6,74.2,71.2,Upper-Middle Income
Bulgaria,2020,7.0,75.0,8910,40.4,0.4,100.0,E4,76.0,72.0,50.5,69.1,82.3,94.6,74.0,Upper-Middle Income
Bulgaria,2021,6.9,75.4,9410,40.4,0.4,100.0,E5,76.5,75.0,55.7,73.2,88.3,88.8,72.7,Upper-Middle Income
Burkina Faso,2017,18.6,27.5,700,35.3,11.1,16.86,E1,0.0,7.2,0.0,0.0,0.0,0.0,0.0,Low Income
Burkina Faso,2018,19.2,28.1,660,35.3,11.1,17.51,E2,17.8,10.3,7.2,47.3,60.4,47.7,49.3,Low Income
Burkina Faso,2019,19.8,28.7,680,35.3,11.1,14.4,E3,18.8,12.6,7.6,50.4,65.0,41.3,45.1,Low Income
Burkina Faso,2020,20.3,29.4,760,35.3,11.1,14.4,E4,27.4,12.6,22.0,52.9,68.7,41.6,55.3,Low Income
Burkina Faso,2021,20.9,30.0,790,35.3,11.1,14.4,E5,30.0,12.6,29.6,53.2,69.2,38.4,50.6,Low Income
Burundi,2017,10.5,12.1,260,38.6,30.4,9.64,E1,0.0,1.7,0.0,0.0,0.0,0.0,0.0,Low Income
Burundi,2018,10.8,12.4,270,38.6,30.4,9.3,E2,0.0,3.0,0.0,0.0,0.0,0.0,0.0,Low Income
Burundi,2019,11.2,12.7,280,38.6,30.4,11.02,E3,0.0,0.0,0.0,0.0,0.0,0.0,0.0,Low Income
Burundi,2020,11.5,13.0,280,38.6,30.4,11.02,E4,25.4,0.0,29.3,30.9,45.7,32.5,25.5,Low Income
Burundi,2021,11.9,13.4,280,38.6,30.4,11.02,E5,26.1,0.0,31.7,30.9,45.7,29.5,35.0,Low Income
Cambodia,2017,15.8,22.2,1060,37.9,0.3,76.6,E1,0.0,5.8,0.0,0.0,0.0,0.0,0.0,Lower-Middle Income
Cambodia,2018,16.0,22.6,1140,37.9,0.5,89.07,E2,45.6,19.8,33.5,61.2,79.2,47.8,37.2,Lower-Middle Income
Cambodia,2019,16.2,23.0,1230,37.9,0.5,91.55,E3,49.7,21.1,36.5,61.8,80.2,50.5,40.6,Lower-Middle Income
Cambodia,2020,16.5,23.4,1380,37.9,0.2,91.55,E4,56.5,35.2,36.2,62.0,80.6,58.9,50.8,Lower-Middle Income
Cambodia,2021,16.7,23.8,1480,37.9,0.3,91.55,E5,57.4,40.8,38.6,62.9,82.0,58.7,55.1,Lower-Middle Income
Cameroon,2017,23.9,54.6,1440,46.6,7.6,60.03,E1,0.0,8.3,0.0,0.0,0.0,0.0,0.0,Lower-Middle Income
Cameroon,2018,24.6,55.2,1380,46.6,7.6,61.34,E2,34.4,10.2,24.5,64.2,75.7,46.2,38.6,Lower-Middle Income
Cameroon,2019,25.2,55.8,1340,46.6,7.6,62.66,E3,40.6,21.5,27.4,67.6,80.7,48.4,47.5,Lower-Middle Income
Cameroon,2020,25.9,56.4,1440,46.6,7.6,62.66,E4,42.4,21.5,26.0,61.4,81.3,49.2,46.2,Lower-Middle Income
Cameroon,2021,26.6,57.0,1500,46.6,7.6,62.66,E5,42.6,21.5,28.8,60.3,79.7,46.9,41.8,Lower-Middle Income
Canada,2017,36.4,81.3,47570,33.8,0.1,100.0,E1,0.0,86.9,0.0,0.0,0.0,0.0,0.0,High Income
Canada,2018,36.7,81.3,43870,33.8,0.1,100.0,E2,70.7,87.4,40.6,94.4,92.0,66.5,60.5,High Income
Canada,2019,37.1,81.4,42990,33.8,0.1,100.0,E3,72.8,89.0,46.0,95.1,92.8,68.1,63.8,High Income
Canada,2020,37.4,81.4,45000,33.8,0.1,100.0,E4,77.4,89.0,54.0,94.3,93.1,85.9,78.9,High Income
Canada,2021,37.7,81.5,46370,33.8,0.1,100.0,E5,80.2,89.0,57.2,95.8,95.4,81.9,76.6,High Income
Chile,2017,18.2,87.4,14130,44.4,0.2,100.0,E1,0.0,69.8,0.0,0.0,0.0,0.0,0.0,High Income
Chile,2018,18.5,87.4,13370,44.4,0.1,100.0,E2,67.4,79.2,34.0,89.6,92.0,73.7,81.0,High Income
Chile,2019,18.7,87.5,13270,44.4,0.1,100.0,E3,69.0,87.5,36.3,88.1,89.7,69.4,77.6,High Income
Chile,2020,19.0,87.6,14620,44.4,0.2,100.0,E4,71.9,87.5,41.1,88.9,91.0,92.2,81.8,High Income
Chile,2021,19.1,87.6,15010,44.4,0.2,100.0,E5,72.8,87.5,46.0,88.3,90.5,89.0,82.9,High Income
China,2017,1371.0,55.5,7940,38.5,0.3,100.0,E1,0.0,54.1,0.0,0.0,0.0,0.0,0.0,Upper-Middle Income
China,2018,1379.0,56.7,8270,38.5,0.2,100.0,E2,64.6,55.4,41.5,66.4,88.0,65.6,72.6,Upper-Middle Income
China,2019,1385.0,58.0,8740,38.5,0.1,100.0,E3,66.5,59.5,44.4,66.9,88.7,67.1,69.2,Upper-Middle Income
China,2020,1390.0,59.2,9620,38.5,0.1,100.0,E4,73.0,59.5,47.6,65.7,86.9,92.6,76.9,Upper-Middle Income
China,2021,1395.0,60.3,10410,38.5,0.1,100.0,E5,76.8,59.5,60.3,67.8,90.2,88.4,76.1,Upper-Middle Income
Colombia,2017,48.2,79.8,7330,50.8,2.0,98.4,E1,0.0,41.6,0.0,0.0,0.0,0.0,0.0,Upper-Middle Income
Colombia,2018,48.9,80.1,6460,49.7,1.8,98.5,E2,62.3,45.6,29.7,78.2,86.2,60.3,72.0,Upper-Middle Income
Colombia,2019,49.7,80.4,5930,50.4,1.8,99.94,E3,63.9,49.8,32.2,80.7,90.1,63.8,72.8,Upper-Middle Income
Colombia,2020,50.3,80.8,6260,50.4,1.6,99.94,E4,62.2,52.6,34.7,78.3,86.5,85.2,76.4,Upper-Middle Income
Colombia,2021,50.9,81.1,6510,50.4,1.7,99.94,E5,66.5,52.1,36.8,78.4,86.7,84.7,79.7,Upper-Middle Income
Congo (DRC),2017,78.8,42.7,460,42.1,38.6,17.4,E1,0.0,2.1,0.0,0.0,0.0,0.0,0.0,Low Income
Congo (DRC),2018,81.4,43.3,470,42.1,38.6,18.23,E2,12.0,2.5,8.7,34.6,31.2,45.7,39.4,Low Income
Congo (DRC),2019,84.1,43.9,460,42.1,38.6,18.98,E3,15.5,1.0,16.2,35.5,32.7,38.8,37.5,Low Income
Congo (DRC),2020,86.8,44.5,500,42.1,38.6,18.98,E4,18.2,1.0,20.3,34.8,31.6,48.8,42.7,Low Income
Congo (DRC),2021,89.6,45.0,520,42.1,38.6,18.98,E5,18.7,1.0,21.7,43.9,45.2,41.3,45.4,Low Income
Costa Rica,2017,4.9,76.9,10400,48.7,0.6,99.5,E1,0.0,60.1,0.0,0.0,0.0,0.0,0.0,Upper-Middle Income
Costa Rica,2018,5.0,77.7,10770,48.3,0.6,99.6,E2,0.0,64.7,0.0,0.0,0.0,0.0,0.0,Upper-Middle Income
Costa Rica,2019,5.0,78.6,11150,48.0,0.5,100.0,E3,58.9,67.2,28.0,80.9,89.8,61.7,76.7,Upper-Middle Income
Costa Rica,2020,5.0,79.3,11590,48.0,0.4,100.0,E4,61.1,73.0,33.3,73.5,88.7,76.0,76.7,Upper-Middle Income
Costa Rica,2021,5.1,80.1,11700,48.0,0.5,100.0,E5,69.7,86.3,37.3,73.7,89.1,80.1,73.2,Upper-Middle Income
Cote d'Ivoire,2017,23.8,49.4,1660,41.5,10.4,64.3,E1,0.0,9.4,0.0,0.0,0.0,0.0,0.0,Lower-Middle Income
Cote d'Ivoire,2018,24.4,49.9,1840,41.5,9.1,65.6,E2,40.9,11.3,24.5,56.5,73.8,42.1,40.7,Lower-Middle Income
Cote d'Ivoire,2019,25.1,50.3,2030,41.5,9.1,66.99,E3,42.9,13.2,28.6,60.4,79.7,40.2,49.8,Lower-Middle Income
Cote d'Ivoire,2020,25.7,50.8,2180,41.5,9.1,66.99,E4,46.6,15.6,31.7,56.8,74.5,57.2,46.0,Lower-Middle Income
Cote d'Ivoire,2021,26.4,51.2,2290,41.5,9.1,66.99,E5,49.9,16.6,29.3,57.1,74.9,57.0,43.6,Lower-Middle Income
Croatia,2017,4.2,56.2,12970,30.9,0.6,100.0,E1,0.0,76.6,0.0,0.0,0.0,0.0,0.0,High Income
Croatia,2018,4.2,56.4,12380,30.4,0.4,100.0,E2,0.0,77.2,0.0,0.0,0.0,0.0,0.0,Upper-Middle Income
Croatia,2019,4.2,56.7,12640,30.4,0.3,100.0,E3,0.0,76.4,0.0,0.0,0.0,0.0,0.0,High Income
Croatia,2020,4.1,56.9,14010,30.4,0.3,100.0,E4,69.1,81.4,44.8,73.0,86.9,95.1,68.3,High Income
Croatia,2021,4.1,57.2,14910,30.4,0.3,100.0,E5,70.4,80.4,47.9,66.5,87.2,90.8,67.6,High Income
Cuba,2017,11.3,76.9,7230,46.3,1.2,99.85,E1,0.0,5.3,0.0,0.0,0.0,0.0,0.0,Upper-Middle Income
Cuba,2018,11.3,76.9,7480,46.3,1.1,99.93,E2,0.0,14.9,0.0,0.0,0.0,0.0,0.0,Upper-Middle Income
Cuba,2019,11.3,77.0,7480,46.3,1.2,100.0,E3,0.0,17.5,0.0,0.0,0.0,0.0,0.0,Upper-Middle Income
Cuba,2020,11.3,77.0,7480,46.3,1.1,100.0,E4,46.5,28.0,20.0,56.5,83.2,61.1,54.8,Upper-Middle Income
Cuba,2021,11.3,77.1,7480,46.3,1.1,100.0,E5,49.4,30.3,25.8,57.3,84.5,52.6,55.7,Upper-Middle Income
Czech Republic,2017,10.6,73.5,18260,25.4,0.0,100.0,E1,0.0,73.0,0.0,0.0,0.0,0.0,0.0,High Income
Czech Republic,2018,10.6,73.6,17590,24.9,0.0,100.0,E2,0.0,76.0,0.0,0.0,0.0,0.0,0.0,High Income
Czech Republic,2019,10.7,73.7,17970,24.9,0.0,100.0,E3,72.9,77.1,45.3,81.4,89.5,55.9,72.4,High Income
Czech Republic,2020,10.7,73.8,20230,24.9,0.0,100.0,E4,76.6,80.4,48.8,82.8,91.6,74.4,76.5,High Income
Czech Republic,2021,10.7,73.9,22000,24.9,0.0,100.0,E5,78.5,81.0,49.5,83.8,93.0,78.1,73.2,High Income
Denmark,2017,5.7,87.5,60510,28.2,0.1,100.0,E1,0.0,91.7,0.0,0.0,0.0,0.0,0.0,High Income
Denmark,2018,5.7,87.6,58040,28.7,0.1,100.0,E2,76.3,94.0,48.1,85.2,93.8,72.8,60.8,High Income
Denmark,2019,5.8,87.8,56210,28.7,0.2,100.0,E3,77.8,97.0,52.5,85.2,93.8,73.2,73.4,High Income
Denmark,2020,5.8,87.9,60920,28.7,0.1,100.0,E4,80.8,92.7,56.9,84.6,92.8,92.3,78.9,High Income
Denmark,2021,5.8,88.0,63240,28.7,0.1,100.0,E5,84.3,95.4,61.9,83.5,91.1,91.9,75.8,High Income
Dominican Republic,2017,10.4,78.6,6580,45.7,0.5,98.9,E1,0.0,23.4,0.0,0.0,0.0,0.0,0.0,Upper-Middle Income
Dominican Republic,2018,10.5,79.4,6860,42.2,0.5,100.0,E2,0.0,25.0,0.0,0.0,0.0,0.0,0.0,Upper-Middle Income
Dominican Republic,2019,10.6,80.3,7090,43.7,0.5,100.0,E3,61.1,29.8,32.4,60.2,88.7,55.1,74.5,Upper-Middle Income
Dominican Republic,2020,10.7,81.1,7760,43.7,0.3,100.0,E4,61.7,31.4,35.1,58.6,86.4,77.4,76.5,Upper-Middle Income
Dominican Republic,2021,10.8,81.8,8090,43.7,0.1,100.0,E5,60.8,33.5,36.1,59.8,88.2,66.7,73.4,Upper-Middle Income
Ecuador,2017,16.5,63.4,5970,45.0,0.8,98.7,E1,0.0,32.6,0.0,0.0,0.0,0.0,0.0,Upper-Middle Income
Ecuador,2018,16.8,63.5,5810,44.7,1.2,99.2,E2,0.0,35.8,0.0,0.0,0.0,0.0,0.0,Upper-Middle Income
Ecuador,2019,17.0,63.7,5860,45.4,1.2,100.0,E3,58.7,37.0,32.7,65.2,85.9,66.7,62.5,Upper-Middle Income
Ecuador,2020,17.3,63.8,6090,45.4,1.1,100.0,E4,60.2,37.0,36.3,75.9,82.0,84.9,66.8,Upper-Middle Income
Ecuador,2021,17.5,64.0,6080,45.4,1.0,100.0,E5,62.6,37.0,37.9,78.1,85.4,78.0,61.1,Upper-Middle Income
Egypt,2017,91.0,42.8,3360,31.8,0.2,100.0,E1,0.0,42.1,0.0,0.0,0.0,0.0,0.0,Lower-Middle Income
Egypt,2018,95.2,42.7,3460,31.5,0.2,100.0,E2,50.4,45.9,25.5,67.2,90.5,56.0,52.0,Lower-Middle Income
Egypt,2019,97.1,42.7,3040,31.5,0.2,100.0,E3,56.9,49.0,29.9,62.0,82.7,44.5,49.5,Lower-Middle Income
Egypt,2020,98.9,42.7,2800,31.5,0.5,100.0,E4,61.2,53.8,31.7,62.7,83.6,61.4,61.9,Lower-Middle Income
Egypt,2021,100.9,42.7,2690,31.5,0.5,100.0,E5,62.4,59.8,35.5,64.5,86.3,69.9,61.7,Lower-Middle Income
El Salvador,2017,6.4,69.7,3440,40.0,0.6,96.0,E1,0.0,13.6,0.0,0.0,0.0,0.0,0.0,Lower-Middle Income
El Salvador,2018,6.4,70.5,3510,38.0,0.4,96.8,E2,53.3,16.6,24.2,69.4,82.5,56.9,46.8,Lower-Middle Income
El Salvador,2019,6.4,71.3,3600,38.6,0.5,100.0,E3,56.9,16.9,26.8,78.6,86.2,54.2,48.6,Lower-Middle Income
El Salvador,2020,6.4,72.0,3820,38.6,0.4,100.0,E4,57.9,16.9,29.2,76.9,83.9,63.7,49.7,Lower-Middle Income
El Salvador,2021,6.5,72.7,4000,38.6,0.3,100.0,E5,58.8,16.9,31.0,76.5,83.3,62.3,48.0,Lower-Middle Income
Estonia,2017,1.3,68.4,18680,31.2,0.5,100.0,E1,0.0,87.7,0.0,0.0,0.0,0.0,0.0,High Income
Estonia,2018,1.3,68.6,18280,30.4,0.4,100.0,E2,71.8,86.2,39.8,67.1,88.5,70.7,69.5,High Income
Estonia,2019,1.3,68.7,18750,30.4,0.3,100.0,E3,76.2,88.3,42.6,68.0,89.8,73.8,70.8,High Income
Estonia,2020,1.3,68.9,21350,30.4,0.2,100.0,E4,78.7,90.5,46.9,74.6,89.6,95.9,81.9,High Income
Estonia,2021,1.3,69.1,23220,30.4,0.2,100.0,E5,74.6,90.4,49.4,77.7,94.2,93.6,78.5,High Income
Ethiopia,2017,103.6,19.4,600,35.0,9.0,42.9,E1,0.0,14.1,0.0,0.0,0.0,0.0,0.0,Low Income
Ethiopia,2018,106.4,19.9,670,35.0,8.9,44.3,E2,29.7,15.1,24.6,48.2,71.9,43.3,37.4,Low Income
Ethiopia,2019,109.2,20.3,740,35.0,8.9,44.98,E3,29.0,17.8,27.2,45.8,68.4,41.4,49.7,Low Income
Ethiopia,2020,112.1,20.8,800,35.0,8.9,44.98,E4,34.4,17.8,31.0,45.4,67.8,59.2,50.0,Low Income
Ethiopia,2021,115.0,21.2,850,35.0,8.9,44.98,E5,34.4,17.8,33.6,48.1,71.8,53.7,45.3,Low Income
Finland,2017,5.5,85.2,47150,27.1,0.0,100.0,E1,0.0,82.1,0.0,0.0,0.0,0.0,0.0,High Income
Finland,2018,5.5,85.3,45490,27.4,0.1,100.0,E2,0.0,84.6,0.0,0.0,0.0,0.0,0.0,High Income
Finland,2019,5.5,85.3,44740,27.4,0.0,100.0,E3,74.6,87.8,42.8,84.3,92.6,75.3,70.7,High Income
Finland,2020,5.5,85.4,48300,27.4,0.1,100.0,E4,78.9,88.9,46.7,85.0,93.6,93.8,74.5,High Income
Finland,2021,5.5,85.4,49580,27.4,0.1,100.0,E5,77.8,89.0,50.6,85.8,94.7,88.3,76.0,High Income
France,2017,64.7,79.7,41100,31.9,0.0,100.0,E1,0.0,75.2,0.0,0.0,0.0,0.0,0.0,High Income
France,2018,64.8,79.9,39070,31.6,0.1,100.0,E2,70.1,78.6,38.8,91.7,92.6,72.5,70.4,High Income
France,2019,65.0,80.2,38340,31.6,0.1,100.0,E3,71.7,79.7,42.1,93.3,95.2,72.8,72.4,High Income
France,2020,65.1,80.4,41080,31.6,0.0,100.0,E4,76.9,82.3,48.7,94.3,96.9,90.3,66.6,High Income
France,2021,65.3,80.7,42400,31.6,0.0,100.0,E5,78.9,84.0,54.3,93.6,95.9,89.3,72.6,High Income
Gabon,2017,2.0,88.1,7970,42.2,11.6,90.77,E1,0.0,29.1,0.0,0.0,0.0,0.0,0.0,Upper-Middle Income
Gabon,2018,2.1,88.6,7080,38.0,11.6,91.9,E2,0.0,34.2,0.0,0.0,0.0,0.0,0.0,Upper-Middle Income
Gabon,2019,2.1,89.0,6510,38.0,11.6,93.04,E3,0.0,40.8,0.0,0.0,0.0,0.0,0.0,Upper-Middle Income
Gabon,2020,2.2,89.4,6830,38.0,0.8,93.04,E4,52.8,40.8,31.5,56.5,84.1,43.1,59.3,Upper-Middle Income
Gabon,2021,2.2,89.7,7210,38.0,0.8,93.04,E5,53.9,40.8,31.7,56.4,84.0,39.8,50.9,Upper-Middle Income
Germany,2017,82.6,77.2,45850,31.9,0.0,100.0,E1,0.0,90.3,0.0,0.0,0.0,0.0,0.0,High Income
Germany,2018,82.8,77.2,44290,31.9,0.0,100.0,E2,71.3,87.4,36.1,84.0,92.4,70.4,72.8,High Income
Germany,2019,82.8,77.3,43680,31.9,0.0,100.0,E3,73.4,87.9,39.0,83.4,91.5,69.4,68.5,High Income
Germany,2020,82.8,77.3,47150,31.9,0.0,100.0,E4,78.1,89.9,42.9,82.5,90.3,85.7,80.7,High Income
Germany,2021,82.8,77.4,48520,31.9,0.0,100.0,E5,78.8,90.8,46.1,84.4,93.1,78.5,80.7,High Income
Ghana,2017,28.5,54.1,1940,43.5,3.5,79.3,E1,0.0,28.4,0.0,0.0,0.0,0.0,0.0,Lower-Middle Income
Ghana,2018,29.1,54.7,1820,43.5,3.5,79.0,E2,48.8,32.3,25.2,74.5,81.5,46.3,64.1,Lower-Middle Income
Ghana,2019,29.8,55.4,1890,43.5,4.7,82.39,E3,49.5,22.2,27.8,68.4,82.2,52.3,57.5,Lower-Middle Income
Ghana,2020,30.4,56.1,2130,43.5,4.7,82.39,E4,48.8,22.2,31.5,68.8,82.8,60.2,64.5,Lower-Middle Income
Ghana,2021,31.1,56.7,2220,43.5,4.7,82.39,E5,55.2,22.2,35.0,55.1,82.2,58.1,65.5,Lower-Middle Income
Greece,2017,10.6,78.0,20320,35.0,0.8,100.0,E1,0.0,68.0,0.0,0.0,0.0,0.0,0.0,High Income
Greece,2018,10.6,78.4,18890,34.4,0.8,100.0,E2,66.8,69.0,35.5,81.7,90.4,73.1,60.3,High Income
Greece,2019,10.5,78.7,18360,34.4,0.6,100.0,E3,69.9,70.9,38.0,82.0,90.9,73.5,67.5,High Income
Greece,2020,10.5,79.1,19620,34.4,0.4,100.0,E4,74.2,76.4,41.2,75.6,91.4,79.5,68.7,High Income
Greece,2021,10.4,79.4,20320,34.4,0.4,100.0,E5,74.6,78.4,41.7,76.1,92.0,91.1,63.6,High Income
Guatemala,2017,16.6,50.0,3700,48.3,2.5,91.92,E1,0.0,17.2,0.0,0.0,0.0,0.0,0.0,Lower-Middle Income
Guatemala,2018,16.9,50.3,3870,48.3,2.5,93.3,E2,52.6,20.3,30.6,62.6,82.3,51.8,50.1,Lower-Middle Income
Guatemala,2019,17.2,50.7,4090,48.3,2.5,94.7,E3,56.2,23.4,31.1,63.0,82.8,57.6,50.1,Upper-Middle Income
Guatemala,2020,17.6,51.1,4390,48.3,2.5,94.7,E4,55.2,23.4,34.4,56.2,82.7,77.3,45.0,Upper-Middle Income
Guatemala,2021,17.9,51.4,4610,48.3,2.5,94.7,E5,54.0,23.4,38.6,56.2,82.9,74.3,43.2,Upper-Middle Income
Guinea,2017,11.7,35.1,760,33.7,10.3,33.5,E1,0.0,6.1,0.0,0.0,0.0,0.0,0.0,Low Income
Guinea,2018,12.1,35.5,780,33.7,10.3,35.4,E2,0.0,7.3,0.0,0.0,0.0,0.0,0.0,Low Income
Guinea,2019,12.4,35.8,830,33.7,10.3,44.0,E3,19.8,8.6,10.6,49.9,74.3,26.2,52.8,Low Income
Guinea,2020,12.8,36.1,850,33.7,10.3,44.0,E4,23.4,8.6,17.0,50.8,75.6,31.8,52.9,Low Income
Guinea,2021,13.1,36.5,950,33.7,10.3,44.0,E5,31.4,12.7,24.0,51.0,75.9,32.4,48.3,Low Income
Honduras,2017,8.7,55.2,2060,51.1,5.4,91.6,E1,0.0,22.6,0.0,0.0,0.0,0.0,0.0,Lower-Middle Income
Honduras,2018,8.9,55.8,2120,50.5,5.6,86.5,E2,0.0,24.4,0.0,0.0,0.0,0.0,0.0,Lower-Middle Income
Honduras,2019,9.0,56.5,2250,52.1,7.3,91.89,E3,0.0,26.3,0.0,0.0,0.0,0.0,0.0,Lower-Middle Income
Honduras,2020,9.8,57.1,2320,52.1,6.8,91.89,E4,48.3,26.3,34.1,59.0,76.9,70.0,38.6,Lower-Middle Income
Honduras,2021,9.9,57.7,2390,52.1,6.6,91.89,E5,49.1,26.3,35.5,58.0,75.4,73.0,39.0,Lower-Middle Income
Hong Kong,2017,7.2,100.0,41180,53.9,0.3,100.0,E1,0.0,78.9,0.0,0.0,0.0,0.0,0.0,High Income
Hong Kong,2018,7.3,100.0,42970,53.9,0.5,100.0,E2,0.0,79.4,0.0,0.0,0.0,0.0,0.0,High Income
Hong Kong,2019,7.4,100.0,46390,53.9,0.5,100.0,E3,0.0,80.1,0.0,0.0,0.0,0.0,0.0,High Income
Hong Kong,2020,7.4,100.0,50060,53.9,0.2,100.0,E4,84.3,92.3,71.7,83.6,92.4,90.5,68.4,High Income
Hong Kong,2021,7.5,100.0,50840,53.9,0.3,100.0,E5,86.9,94.1,79.3,85.8,95.8,87.5,69.6,High Income
Hungary,2017,9.8,70.5,13220,30.3,0.4,100.0,E1,0.0,75.5,0.0,0.0,0.0,0.0,0.0,High Income
Hungary,2018,9.7,70.8,13050,30.6,0.3,100.0,E2,71.6,79.1,47.1,79.2,86.4,57.0,72.0,High Income
Hungary,2019,9.7,71.1,13080,30.6,0.7,100.0,E3,72.9,82.3,51.7,82.0,90.4,61.7,63.6,High Income
Hungary,2020,9.7,71.4,14760,30.6,0.3,100.0,E4,75.7,83.2,53.9,82.3,90.9,77.6,66.4,High Income
Hungary,2021,9.7,71.6,16140,30.6,0.3,100.0,E5,75.2,86.2,56.1,82.9,91.7,73.1,66.7,High Income
India,2017,1324.5,32.8,1600,37.8,4.3,89.67,E1,0.0,19.8,0.0,0.0,0.0,0.0,0.0,Lower-Middle Income
India,2018,1338.7,33.2,1680,37.8,4.3,92.6,E2,52.6,22.4,26.1,72.8,78.9,62.1,70.8,Lower-Middle Income
India,2019,1352.6,33.6,1830,37.8,4.3,95.24,E3,52.8,25.2,28.5,85.3,87.6,59.9,71.9,Lower-Middle Income
India,2020,1366.4,34.0,2010,37.8,4.3,95.24,E4,57.5,23.6,31.4,84.4,86.4,82.2,78.9,Lower-Middle Income
India,2021,1380.0,34.5,2130,37.8,4.3,95.24,E5,59.0,23.6,34.4,85.7,88.2,83.3,73.9,Lower-Middle Income
Indonesia,2017,258.2,53.3,3430,39.4,1.2,97.62,E1,0.0,41.8,0.0,0.0,0.0,0.0,0.0,Lower-Middle Income
Indonesia,2018,260.6,54.0,3400,39.4,1.2,98.14,E2,53.6,47.0,29.4,72.3,78.1,48.3,62.3,Lower-Middle Income
Indonesia,2019,262.9,54.7,3530,39.0,1.0,98.51,E3,61.4,57.2,31.7,71.5,86.8,50.3,68.7,Lower-Middle Income
Indonesia,2020,265.3,55.3,3850,39.0,0.9,98.51,E4,64.4,66.1,33.4,63.5,84.9,73.2,71.3,Lower-Middle Income
Indonesia,2021,267.5,56.0,4050,39.0,0.7,98.51,E5,67.0,66.1,36.3,62.3,82.9,79.9,63.4,Upper-Middle Income
Iran,2017,79.6,73.4,5370,40.0,0.0,100.0,E1,0.0,55.4,0.0,0.0,0.0,0.0,0.0,Upper-Middle Income
Iran,2018,80.7,73.9,5500,40.8,0.0,100.0,E2,57.1,62.1,28.2,62.1,82.3,67.9,74.4,Upper-Middle Income
Iran,2019,81.8,74.4,5420,40.8,0.0,100.0,E3,60.7,72.7,31.9,63.1,83.8,68.9,72.8,Upper-Middle Income
Iran,2020,82.9,74.9,5420,40.8,0.0,100.0,E4,66.6,79.5,36.8,63.8,84.7,89.6,73.3,Upper-Middle Income
Iran,2021,84.0,75.4,5420,40.8,0.0,100.0,E5,67.1,79.5,37.1,69.0,82.3,86.5,72.6,Upper-Middle Income
Ireland,2017,4.7,62.5,50350,32.8,0.3,100.0,E1,0.0,85.0,0.0,0.0,0.0,0.0,0.0,High Income
Ireland,2018,4.8,62.7,52490,32.8,0.3,100.0,E2,66.5,87.0,35.3,89.3,98.4,67.9,73.2,High Income
Ireland,2019,4.8,63.0,53480,32.8,0.1,100.0,E3,68.3,89.0,37.5,88.6,97.6,71.1,66.7,High Income
Ireland,2020,4.9,63.2,59640,32.8,0.1,100.0,E4,73.2,89.1,40.2,89.7,99.3,94.6,72.0,High Income
Ireland,2021,4.9,63.4,62210,32.8,0.1,100.0,E5,73.4,89.1,42.7,88.9,98.5,89.8,70.6,High Income
Israel,2017,8.5,92.2,36030,39.0,0.2,100.0,E1,0.0,74.2,0.0,0.0,0.0,0.0,0.0,High Income
Israel,2018,8.7,92.3,36360,39.0,0.2,100.0,E2,0.0,75.3,0.0,0.0,0.0,0.0,0.0,High Income
Israel,2019,8.9,92.3,37420,39.0,0.0,100.0,E3,70.1,74.0,40.5,89.6,90.8,68.8,68.8,High Income
Israel,2020,9.1,92.4,40930,39.0,0.0,100.0,E4,71.6,74.8,43.0,90.1,91.7,87.6,73.6,High Income
Israel,2021,9.2,92.5,43290,39.0,0.0,100.0,E5,74.9,75.8,43.7,90.7,92.7,88.0,72.9,High Income
Italy,2017,60.7,69.6,32980,35.2,0.9,100.0,E1,0.0,66.1,0.0,0.0,0.0,0.0,0.0,High Income
Italy,2018,60.7,69.9,31950,35.9,1.4,100.0,E2,68.8,69.1,35.0,82.4,90.3,72.5,66.4,High Income
Italy,2019,60.6,70.1,31360,35.9,1.2,100.0,E3,69.5,71.6,38.2,83.5,91.8,74.2,64.4,High Income
Italy,2020,60.6,70.4,33770,35.9,1.1,100.0,E4,73.5,75.0,40.7,83.7,92.3,92.4,69.1,High Income
Italy,2021,60.5,70.7,34460,35.9,1.1,100.0,E5,74.7,76.0,42.9,92.5,95.5,90.7,72.0,High Income
Jamaica,2017,2.7,54.8,4710,45.5,0.4,97.0,E1,0.0,34.4,0.0,0.0,0.0,0.0,0.0,Upper-Middle Income
Jamaica,2018,2.7,55.1,4600,45.5,0.4,97.96,E2,56.0,39.3,28.1,58.2,85.7,47.6,55.7,Upper-Middle Income
Jamaica,2019,2.7,55.4,4740,45.5,0.4,98.93,E3,58.2,52.8,31.6,57.7,84.9,50.8,63.0,Upper-Middle Income
Jamaica,2020,2.7,55.7,4970,45.5,0.4,98.93,E4,63.4,52.8,33.6,56.5,83.2,54.1,60.5,Upper-Middle Income
Jamaica,2021,2.7,56.0,5250,45.5,0.4,98.93,E5,66.6,52.8,39.4,59.2,87.3,50.4,66.1,Upper-Middle Income
Japan,2017,127.8,91.4,38840,32.9,0.2,100.0,E1,0.0,97.2,0.0,0.0,0.0,0.0,0.0,High Income
Japan,2018,127.5,91.5,37860,32.9,0.2,100.0,E2,72.0,96.2,42.1,83.4,87.1,70.4,65.2,High Income
Japan,2019,127.2,91.5,38490,32.9,0.2,100.0,E3,73.5,96.2,45.9,86.3,91.7,70.4,72.3,High Income
Japan,2020,126.9,91.6,41150,32.9,0.2,100.0,E4,76.8,95.7,49.6,87.0,93.0,84.8,78.5,High Income
Japan,2021,126.5,91.7,41690,32.9,0.2,100.0,E5,79.2,95.7,52.6,88.9,95.9,82.1,81.5,High Income
Jordan,2017,9.8,90.3,3900,33.7,0.0,99.93,E1,0.0,75.8,0.0,0.0,0.0,0.0,0.0,Lower-Middle Income
Jordan,2018,10.1,90.5,3930,33.7,0.0,100.0,E2,0.0,78.9,0.0,0.0,0.0,0.0,0.0,Lower-Middle Income
Jordan,2019,10.3,90.7,4020,33.7,0.0,99.9,E3,61.9,37.2,36.2,61.9,81.2,54.2,61.3,Lower-Middle Income
Jordan,2020,10.6,91.0,4200,33.7,0.0,99.9,E4,65.5,37.2,40.2,62.1,81.4,73.9,62.0,Upper-Middle Income
Jordan,2021,11.2,91.2,4300,33.7,0.0,99.9,E5,66.3,37.2,46.4,62.4,81.8,76.7,59.0,Upper-Middle Income
Kazakhstan,2017,17.8,57.2,11380,27.2,0.0,100.0,E1,0.0,82.1,0.0,0.0,0.0,0.0,0.0,Upper-Middle Income
Kazakhstan,2018,18.1,57.3,8770,27.5,0.0,100.0,E2,65.2,84.4,34.8,65.7,88.1,47.2,74.2,Upper-Middle Income
Kazakhstan,2019,18.3,57.3,8040,27.5,0.0,100.0,E3,67.6,84.9,37.5,66.3,89.0,54.5,70.2,Upper-Middle Income
Kazakhstan,2020,18.6,57.4,8070,27.5,0.0,100.0,E4,70.2,87.6,39.4,66.9,89.8,79.6,68.7,Upper-Middle Income
Kazakhstan,2021,18.8,57.5,8810,27.5,0.0,100.0,E5,66.7,90.3,39.7,66.7,89.3,75.7,69.5,Upper-Middle Income
Kenya,2017,49.1,25.7,1290,40.8,16.2,65.4,E1,0.0,29.7,0.0,0.0,0.0,0.0,0.0,Lower-Middle Income
Kenya,2018,50.2,26.1,1350,40.8,11.6,63.59,E2,47.0,29.8,30.2,58.4,76.6,66.0,64.4,Lower-Middle Income
Kenya,2019,51.4,26.6,1420,40.8,11.6,75.0,E3,49.7,24.8,33.7,65.9,77.8,68.1,50.3,Lower-Middle Income
Kenya,2020,52.6,27.0,1600,40.8,11.6,75.0,E4,53.3,24.8,35.2,66.3,78.4,85.7,58.0,Lower-Middle Income
Kenya,2021,53.8,27.5,1750,40.8,11.6,75.0,E5,56.4,17.7,39.5,65.8,77.9,85.4,69.4,Lower-Middle Income
Kuwait,2017,4.0,100.0,42530,34.4,0.2,100.0,E1,0.0,76.8,0.0,0.0,0.0,0.0,0.0,High Income
Kuwait,2018,4.1,100.0,36880,37.5,0.1,100.0,E2,66.3,77.6,37.1,77.5,81.2,47.8,56.4,High Income
Kuwait,2019,4.1,100.0,31660,34.4,0.0,100.0,E3,68.8,99.7,41.3,82.4,88.4,49.9,60.9,High Income
Kuwait,2020,4.2,100.0,34290,34.4,0.5,100.0,E4,75.3,100.0,44.7,86.0,93.4,82.7,62.7,High Income
Kuwait,2021,4.3,100.0,34290,34.4,0.5,100.0,E5,76.7,100.0,50.4,86.2,94.0,84.3,66.8,High Income
Laos,2017,6.8,33.1,1970,36.4,5.3,90.76,E1,0.0,13.1,0.0,0.0,0.0,0.0,0.0,Lower-Middle Income
Laos,2018,7.0,33.7,2120,36.4,5.3,93.6,E2,0.0,18.5,0.0,0.0,0.0,0.0,0.0,Lower-Middle Income
Laos,2019,7.1,34.4,2240,36.4,5.3,97.92,E3,0.0,1.4,0.0,0.0,0.0,0.0,0.0,Lower-Middle Income
Laos,2020,7.2,35.0,2450,36.4,5.3,97.92,E4,52.2,1.4,40.6,67.8,79.3,48.8,49.9,Lower-Middle Income
Laos,2021,7.3,35.6,2570,36.4,5.3,97.92,E5,53.3,1.4,43.0,70.4,83.2,50.2,46.1,Lower-Middle Income
Latvia,2017,2.0,68.0,15010,34.3,0.4,100.0,E1,0.0,75.9,0.0,0.0,0.0,0.0,0.0,High Income
Latvia,2018,2.0,68.0,14600,35.6,0.4,100.0,E2,0.0,77.2,0.0,0.0,0.0,0.0,0.0,High Income
Latvia,2019,1.9,68.1,14720,35.6,0.3,100.0,E3,0.0,78.5,0.0,0.0,0.0,0.0,0.0,High Income
Latvia,2020,1.9,68.1,16520,35.6,0.3,100.0,E4,74.2,81.5,48.9,73.4,88.0,80.2,64.9,High Income
Latvia,2021,1.9,68.2,17730,35.6,0.3,100.0,E5,78.1,85.4,52.9,75.3,90.8,88.5,77.5,High Income
Lebanon,2017,6.7,88.1,7280,31.8,0.0,100.0,E1,0.0,75.6,0.0,0.0,0.0,0.0,0.0,Upper-Middle Income
Lebanon,2018,6.8,88.3,7230,31.8,0.0,100.0,E2,0.0,77.6,0.0,0.0,0.0,0.0,0.0,Upper-Middle Income
Lebanon,2019,6.9,88.4,7470,31.8,0.0,100.0,E3,0.0,84.4,0.0,0.0,0.0,0.0,0.0,Upper-Middle Income
Lebanon,2020,6.9,88.6,7720,31.8,0.0,100.0,E4,63.1,84.4,38.8,58.5,84.7,76.7,45.1,Upper-Middle Income
Lebanon,2021,6.8,88.8,7600,31.8,0.0,100.0,E5,62.6,84.4,41.3,60.4,87.5,56.4,43.3,Upper-Middle Income
Liberia,2017,4.6,49.8,630,35.3,11.7,19.8,E1,0.0,2.4,0.0,0.0,0.0,0.0,0.0,Low Income
Liberia,2018,4.7,50.3,620,35.3,11.7,24.2,E2,22.5,2.7,34.0,12.8,18.5,44.3,41.5,Low Income
Liberia,2019,4.8,50.7,620,35.3,13.0,25.92,E3,21.7,2.7,34.9,26.6,39.3,45.1,42.9,Low Income
Liberia,2020,4.9,51.2,610,35.3,13.0,25.92,E4,25.3,2.7,36.9,26.8,39.6,50.6,41.6,Low Income
Liberia,2021,5.1,51.6,580,35.3,13.0,25.92,E5,24.2,2.7,39.3,32.4,48.0,35.4,50.9,Low Income
Lithuania,2017,2.9,67.2,15170,38.4,0.7,100.0,E1,0.0,68.2,0.0,0.0,0.0,0.0,0.0,High Income
Lithuania,2018,2.8,67.4,14870,37.3,0.5,100.0,E2,0.0,71.6,0.0,0.0,0.0,0.0,0.0,High Income
Lithuania,2019,2.8,67.5,15260,37.3,0.7,100.0,E3,0.0,74.9,0.0,0.0,0.0,0.0,0.0,High Income
Lithuania,2020,2.8,67.7,17380,37.3,0.8,100.0,E4,79.4,78.3,53.8,80.5,89.2,82.4,75.5,High Income
Lithuania,2021,2.7,67.9,18990,37.3,0.8,100.0,E5,80.9,81.4,58.1,81.9,91.2,90.6,71.8,High Income
Madagascar,2017,24.5,35.2,490,42.6,39.0,22.9,E1,0.0,5.5,0.0,0.0,0.0,0.0,0.0,Low Income
Madagascar,2018,25.2,35.9,470,42.6,39.0,24.1,E2,26.5,6.7,26.8,32.1,37.5,38.7,39.0,Low Income
Madagascar,2019,25.9,36.5,470,42.6,39.0,25.91,E3,26.8,7.9,29.7,42.9,53.7,41.6,53.0,Low Income
Madagascar,2020,26.6,37.2,510,42.6,39.0,25.91,E4,30.5,13.0,30.8,44.7,56.5,40.3,51.3,Low Income
Madagascar,2021,27.4,37.9,520,42.6,39.0,25.91,E5,33.3,13.0,31.9,45.3,57.3,37.6,52.8,Low Income
Malawi,2017,17.2,16.3,350,44.7,34.0,11.0,E1,0.0,8.8,0.0,0.0,0.0,0.0,0.0,Low Income
Malawi,2018,17.7,16.5,340,44.7,34.0,12.7,E2,23.8,10.8,24.5,38.1,56.5,37.9,51.0,Low Income
Malawi,2019,18.1,16.7,340,44.7,29.4,18.02,E3,24.8,10.8,27.4,40.8,60.5,37.1,51.9,Low Income
Malawi,2020,18.6,16.9,350,44.7,29.4,18.02,E4,28.8,10.2,30.3,41.4,61.4,38.3,50.0,Low Income
Malawi,2021,19.1,17.2,380,44.7,29.4,18.02,E5,31.1,10.2,35.6,41.5,61.7,46.5,51.8,Low Income
Malaysia,2017,30.7,74.2,10680,41.0,0.0,100.0,E1,0.0,70.0,0.0,0.0,0.0,0.0,0.0,Upper-Middle Income
Malaysia,2018,31.1,74.8,10150,41.0,0.0,100.0,E2,65.6,76.8,31.8,71.9,85.6,69.5,78.8,Upper-Middle Income
Malaysia,2019,31.5,75.4,9940,41.0,0.0,100.0,E3,64.7,85.7,35.6,71.3,84.7,70.7,70.7,Upper-Middle Income
Malaysia,2020,32.0,76.0,10590,41.0,0.0,100.0,E4,70.0,87.0,42.4,72.1,85.8,85.2,82.8,Upper-Middle Income
Malaysia,2021,32.4,76.6,11200,41.0,0.0,100.0,E5,71.5,90.1,45.5,71.5,85.0,88.3,82.6,Upper-Middle Income
Mali,2017,16.8,40.0,800,33.0,15.4,41.24,E1,0.0,7.9,0.0,0.0,0.0,0.0,0.0,Low Income
Mali,2018,17.3,40.8,780,33.0,15.4,43.1,E2,25.6,8.6,18.5,42.5,63.1,16.8,37.1,Low Income
Mali,2019,17.9,41.6,770,33.0,15.4,50.9,E3,28.7,10.3,25.1,45.7,67.8,38.1,53.2,Low Income
Mali,2020,18.5,42.4,840,33.0,15.4,50.9,E4,31.9,17.2,32.1,42.9,63.6,47.9,54.9,Low Income
Mali,2021,19.1,43.1,880,33.0,15.4,50.9,E5,37.6,17.2,38.0,47.6,70.7,47.1,50.2,Low Income
Mexico,2017,123.3,79.3,10170,46.3,1.1,99.5,E1,0.0,39.0,0.0,0.0,0.0,0.0,0.0,Upper-Middle Income
Mexico,2018,124.8,79.6,9400,46.3,1.1,100.0,E2,60.5,46.8,33.9,65.9,87.5,67.2,78.4,Upper-Middle Income
Mexico,2019,126.2,79.9,8930,45.4,0.7,100.0,E3,61.3,50.8,36.1,66.7,88.7,68.5,73.8,Upper-Middle Income
Mexico,2020,127.6,80.2,9180,45.4,0.7,100.0,E4,65.8,52.8,37.5,74.4,90.3,86.5,72.5,Upper-Middle Income
Mexico,2021,128.9,80.4,9430,45.4,0.5,100.0,E5,66.9,56.3,40.4,75.7,92.2,86.1,70.8,Upper-Middle Income
Mongolia,2017,3.1,68.2,3820,32.3,0.0,91.06,E1,0.0,22.3,0.0,0.0,0.0,0.0,0.0,Lower-Middle Income
Mongolia,2018,3.1,68.3,3500,32.3,0.0,93.84,E2,53.2,22.2,33.3,85.2,85.2,59.7,48.3,Lower-Middle Income
Mongolia,2019,3.2,68.4,3230,32.7,0.1,98.1,E3,57.1,22.8,35.5,76.1,81.6,61.5,52.1,Lower-Middle Income
Mongolia,2020,3.2,68.4,3630,32.7,0.1,98.1,E4,60.2,43.1,38.0,76.0,81.6,80.6,52.3,Lower-Middle Income
Mongolia,2021,3.3,68.5,3780,32.7,0.1,98.1,E5,61.4,43.1,41.3,74.2,79.0,76.1,63.4,Lower-Middle Income
Morocco,2017,35.1,60.8,3020,39.5,0.2,99.74,E1,0.0,66.4,0.0,0.0,0.0,0.0,0.0,Lower-Middle Income
Morocco,2018,35.6,61.4,2880,39.5,0.2,100.0,E2,60.4,68.4,29.0,61.1,80.8,55.1,55.5,Lower-Middle Income
Morocco,2019,36.0,61.9,2880,39.5,0.2,100.0,E3,62.2,70.1,31.3,62.5,82.8,53.7,58.4,Lower-Middle Income
Morocco,2020,36.5,62.5,3090,39.5,0.2,100.0,E4,66.5,74.1,35.2,62.6,82.9,77.3,52.3,Lower-Middle Income
Morocco,2021,36.9,63.0,3190,39.5,0.2,100.0,E5,68.5,80.7,38.7,64.5,85.9,76.1,55.9,Lower-Middle Income
Mozambique,2017,27.8,34.4,640,54.0,27.9,27.72,E1,0.0,12.9,0.0,0.0,0.0,0.0,0.0,Low Income
Mozambique,2018,28.6,34.9,530,54.0,27.9,29.27,E2,23.2,12.9,20.5,57.8,76.1,44.1,36.0,Low Income
Mozambique,2019,29.5,35.5,470,54.0,27.9,31.1,E3,23.8,10.5,24.4,54.9,71.7,35.9,56.3,Low Income
Mozambique,2020,30.4,36.0,460,54.0,27.9,31.1,E4,31.8,10.5,29.1,54.6,71.3,47.4,50.4,Low Income
Mozambique,2021,31.3,36.5,480,54.0,27.9,31.1,E5,32.0,10.5,33.3,55.6,72.8,34.7,50.9,Low Income
Myanmar,2017,53.0,29.9,1260,30.0,0.3,55.6,E1,0.0,19.5,0.0,0.0,0.0,0.0,0.0,Lower-Middle Income
Myanmar,2018,53.4,30.1,1280,30.7,1.5,69.81,E2,39.4,24.2,25.6,61.0,78.9,59.5,51.8,Lower-Middle Income
Myanmar,2019,53.7,30.3,1290,30.7,1.5,66.26,E3,43.8,28.1,34.6,62.8,81.7,60.7,52.7,Lower-Middle Income
Myanmar,2020,54.0,30.6,1370,30.7,0.3,66.26,E4,51.7,28.1,40.2,63.6,83.0,66.6,67.2,Lower-Middle Income
Myanmar,2021,54.4,30.9,1390,30.7,0.3,66.26,E5,52.2,28.1,42.1,70.0,82.7,68.0,65.6,Lower-Middle Income
Namibia,2017,2.4,46.9,5290,59.1,6.6,49.7,E1,0.0,24.3,0.0,0.0,0.0,0.0,0.0,Upper-Middle Income
Namibia,2018,2.4,48.0,4700,59.1,4.6,52.5,E2,38.5,29.3,28.1,56.7,84.5,48.6,36.0,Upper-Middle Income
Namibia,2019,2.4,49.0,4610,59.1,4.6,53.87,E3,41.8,34.4,30.6,57.0,84.8,49.8,54.2,Upper-Middle Income
Namibia,2020,2.5,50.0,4900,59.1,4.6,53.87,E4,43.2,34.4,31.5,57.2,85.2,60.5,52.9,Upper-Middle Income
Namibia,2021,2.5,51.0,5060,59.1,4.6,53.87,E5,44.2,34.4,33.6,55.6,82.7,44.3,54.6,Upper-Middle Income
Nepal,2017,27.3,18.6,780,32.8,3.1,90.7,E1,0.0,11.7,0.0,0.0,0.0,0.0,0.0,Low Income
Nepal,2018,27.6,18.9,770,32.8,3.1,92.41,E2,44.2,14.7,29.0,57.9,74.3,46.8,62.8,Low Income
Nepal,2019,28.1,19.3,860,32.8,3.1,93.92,E3,49.6,17.7,30.4,60.4,68.0,53.6,68.4,Low Income
Nepal,2020,28.6,19.7,970,32.8,3.1,93.92,E4,51.2,17.7,31.9,64.4,74.2,63.6,68.9,Low Income
Nepal,2021,29.1,20.2,1090,32.8,3.1,93.92,E5,54.9,17.7,35.6,64.2,73.9,54.9,68.8,Lower-Middle Income
Netherlands,2017,17.0,90.2,49810,28.2,0.0,100.0,E1,0.0,90.9,0.0,0.0,0.0,0.0,0.0,High Income
Netherlands,2018,17.1,90.6,46900,28.5,0.0,100.0,E2,75.6,92.2,47.7,77.3,90.2,67.0,71.9,High Income
Netherlands,2019,17.2,91.1,47140,28.5,0.0,100.0,E3,76.6,96.2,51.1,76.9,90.2,66.7,74.2,High Income
Netherlands,2020,17.3,91.5,51310,28.5,0.1,100.0,E4,80.6,94.9,53.9,77.2,91.5,84.9,79.8,High Income
Netherlands,2021,17.3,91.9,53200,28.5,0.1,100.0,E5,83.3,96.2,58.6,78.6,93.7,86.0,83.1,High Income
New Zealand,2017,4.7,86.3,40560,36.2,0.3,100.0,E1,0.0,82.7,0.0,0.0,0.0,0.0,0.0,High Income
New Zealand,2018,4.8,86.4,39390,36.2,0.5,100.0,E2,0.0,85.7,0.0,0.0,0.0,0.0,0.0,High Income
New Zealand,2019,4.9,86.5,38170,36.2,0.5,100.0,E3,0.0,87.8,0.0,0.0,0.0,0.0,0.0,High Income
New Zealand,2020,4.9,86.5,41100,36.2,0.2,100.0,E4,81.0,87.8,51.0,85.6,94.5,95.6,75.3,High Income
New Zealand,2021,5.0,86.6,42670,36.2,0.3,100.0,E5,83.5,87.8,56.0,87.9,97.9,89.2,72.5,High Income
Nicaragua,2017,6.3,57.9,1910,46.2,0.7,85.36,E1,0.0,13.7,0.0,0.0,0.0,0.0,0.0,Lower-Middle Income
Nicaragua,2018,6.4,58.1,2000,46.2,0.7,86.8,E2,0.0,15.9,0.0,0.0,0.0,0.0,0.0,Lower-Middle Income
Nicaragua,2019,6.5,58.3,2080,46.2,0.7,88.08,E3,0.0,18.4,0.0,0.0,0.0,0.0,0.0,Lower-Middle Income
Nicaragua,2020,6.5,58.5,2020,46.2,0.7,88.08,E4,55.7,18.4,34.6,51.7,75.9,64.8,39.3,Lower-Middle Income
Nicaragua,2021,6.6,58.8,1910,46.2,0.7,88.08,E5,53.7,18.4,36.3,52.5,77.2,68.4,46.1,Lower-Middle Income
Niger,2017,20.8,16.2,520,34.3,13.5,17.49,E1,0.0,2.3,0.0,0.0,0.0,0.0,0.0,Low Income
Niger,2018,21.6,16.3,500,34.3,13.5,18.18,E2,15.2,2.8,13.2,31.1,36.1,25.1,33.6,Low Income
Niger,2019,22.4,16.4,490,34.3,13.5,17.6,E3,15.6,15.3,0.8,46.9,59.8,35.0,43.2,Low Income
Niger,2020,23.3,16.4,540,34.3,13.5,17.6,E4,17.6,9.5,9.1,47.1,60.1,39.4,43.4,Low Income
Niger,2021,24.2,16.5,560,34.3,13.5,17.6,E5,19.3,9.5,10.3,48.0,61.4,33.2,47.3,Low Income
Nigeria,2017,186.0,47.8,2880,43.0,21.8,59.3,E1,0.0,12.2,0.0,0.0,0.0,0.0,0.0,Lower-Middle Income
Nigeria,2018,190.9,48.7,2470,43.0,21.8,54.4,E2,39.0,14.9,21.0,81.7,82.1,47.8,56.8,Lower-Middle Income
Nigeria,2019,195.9,49.5,2100,43.0,21.8,56.5,E3,38.0,7.2,23.8,79.4,78.7,63.6,53.9,Lower-Middle Income
Nigeria,2020,201.0,50.3,1970,43.0,21.8,56.5,E4,45.3,7.2,28.3,79.0,77.9,71.6,63.1,Lower-Middle Income
Nigeria,2021,206.1,51.2,2030,43.0,21.8,56.5,E5,46.3,7.2,30.0,70.0,84.5,83.6,70.5,Lower-Middle Income
Oman,2017,4.4,81.4,17790,34.4,0.2,100.0,E1,0.0,84.0,0.0,0.0,0.0,0.0,0.0,High Income
Oman,2018,4.6,82.5,15810,34.4,0.1,100.0,E2,65.8,86.1,35.0,61.0,87.5,64.2,70.0,High Income
Oman,2019,4.6,83.6,14020,34.4,0.0,100.0,E3,67.1,88.6,38.7,59.5,85.5,65.3,72.2,High Income
Oman,2020,4.6,84.5,14160,34.4,0.5,100.0,E4,70.9,88.6,42.2,61.2,88.0,87.4,76.5,High Income
Oman,2021,4.4,85.4,15330,34.4,0.5,100.0,E5,73.4,94.5,43.7,63.1,90.8,82.0,80.2,High Income
Pakistan,2017,203.6,36.0,1360,33.5,0.9,71.41,E1,0.0,18.8,0.0,0.0,0.0,0.0,0.0,Lower-Middle Income
Pakistan,2018,207.9,36.2,1420,33.5,0.5,70.79,E2,35.4,21.9,25.3,67.2,80.6,47.0,49.6,Lower-Middle Income
Pakistan,2019,212.2,36.4,1500,33.5,0.5,71.09,E3,40.6,11.5,28.4,67.1,80.4,53.1,58.2,Lower-Middle Income
Pakistan,2020,216.6,36.7,1590,33.5,0.5,71.09,E4,43.3,11.5,31.7,66.5,79.5,65.9,59.5,Lower-Middle Income
Pakistan,2021,220.9,36.9,1530,33.5,0.5,71.09,E5,47.0,33.9,34.0,67.0,80.3,57.3,61.4,Lower-Middle Income
Panama,2017,4.0,66.7,12200,50.4,1.1,96.77,E1,0.0,52.6,0.0,0.0,0.0,0.0,0.0,Upper-Middle Income
Panama,2018,4.1,67.0,12780,49.9,0.5,100.0,E2,0.0,53.8,0.0,0.0,0.0,0.0,0.0,High Income
Panama,2019,4.2,67.4,13750,49.2,0.5,100.0,E3,58.8,64.2,32.4,76.7,93.4,50.8,69.3,High Income
Panama,2020,4.2,67.7,14420,49.2,0.9,100.0,E4,61.4,72.3,36.4,74.9,90.9,69.8,67.8,High Income
Panama,2021,4.3,68.1,14950,49.2,0.5,100.0,E5,64.9,70.6,40.9,75.1,91.1,67.0,60.2,High Income
Papua New Guinea,2017,8.3,13.0,2910,41.9,14.8,49.4,E1,0.0,6.4,0.0,0.0,0.0,0.0,0.0,Lower-Middle Income
Papua New Guinea,2018,8.4,13.0,2700,41.9,14.8,54.4,E2,0.0,8.5,0.0,0.0,0.0,0.0,0.0,Lower-Middle Income
Papua New Guinea,2019,8.6,13.1,2570,41.9,14.8,58.97,E3,0.0,10.7,0.0,0.0,0.0,0.0,0.0,Lower-Middle Income
Papua New Guinea,2020,8.8,13.2,2570,41.9,14.8,58.97,E4,41.2,10.7,28.4,51.8,77.1,58.4,57.7,Lower-Middle Income
Papua New Guinea,2021,8.9,13.2,2780,41.9,14.8,58.97,E5,40.8,10.7,30.4,53.1,79.1,45.3,57.2,Lower-Middle Income
Paraguay,2017,6.8,60.8,5620,47.9,0.6,98.4,E1,0.0,22.6,0.0,0.0,0.0,0.0,0.0,Upper-Middle Income
Paraguay,2018,6.9,61.0,5390,48.8,0.4,99.3,E2,0.0,22.3,0.0,0.0,0.0,0.0,0.0,Upper-Middle Income
Paraguay,2019,7.0,61.3,5390,46.2,0.3,100.0,E3,0.0,20.2,0.0,0.0,0.0,0.0,0.0,Upper-Middle Income
Paraguay,2020,7.1,61.6,5620,46.2,0.2,100.0,E4,60.1,24.2,36.4,64.5,85.3,90.1,63.5,Upper-Middle Income
Paraguay,2021,7.1,61.9,5510,46.2,0.4,100.0,E5,60.9,28.1,36.1,64.6,85.5,88.4,70.2,Upper-Middle Income
Peru,2017,31.5,77.4,6340,43.6,1.0,94.2,E1,0.0,23.0,0.0,0.0,0.0,0.0,0.0,Upper-Middle Income
Peru,2018,31.8,77.5,6110,43.3,1.0,94.8,E2,55.7,26.2,32.6,68.5,91.4,59.9,66.3,Upper-Middle Income
Peru,2019,32.2,77.7,6060,42.8,0.9,95.2,E3,58.1,28.0,36.1,71.6,86.0,53.8,70.6,Upper-Middle Income
Peru,2020,32.7,77.9,6470,42.8,0.9,95.2,E4,60.5,29.6,38.8,72.3,87.2,77.0,73.4,Upper-Middle Income
Peru,2021,33.2,78.1,6740,42.8,0.7,95.2,E5,61.0,35.7,38.3,72.8,88.1,83.5,73.4,Upper-Middle Income
Philippines,2017,103.7,46.3,3380,44.4,2.3,92.3,E1,0.0,35.9,0.0,0.0,0.0,0.0,0.0,Lower-Middle Income
Philippines,2018,105.2,46.5,3450,44.4,1.2,93.0,E2,60.1,38.9,26.1,55.6,83.0,51.7,63.0,Lower-Middle Income
Philippines,2019,106.7,46.7,3530,44.4,1.2,94.86,E3,59.9,42.5,29.7,55.4,82.6,52.6,63.1,Lower-Middle Income
Philippines,2020,108.1,46.9,3710,44.4,1.2,94.86,E4,67.1,42.5,32.6,62.3,83.1,75.9,65.5,Lower-Middle Income
Philippines,2021,109.6,47.2,3850,44.4,1.2,94.86,E5,66.9,17.5,33.7,63.4,84.7,77.6,61.2,Lower-Middle Income
Poland,2017,38.0,60.3,13350,31.2,0.1,100.0,E1,0.0,75.7,0.0,0.0,0.0,0.0,0.0,High Income
Poland,2018,38.0,60.2,12680,29.7,0.2,100.0,E2,69.1,80.3,35.8,85.9,87.1,74.2,77.0,High Income
Poland,2019,37.9,60.1,12740,29.7,0.1,100.0,E3,70.1,81.8,38.0,86.4,87.7,74.9,74.9,High Income
Poland,2020,37.9,60.1,14150,29.7,0.2,100.0,E4,74.2,84.2,42.0,88.0,90.2,93.2,79.1,High Income
Poland,2021,37.8,60.0,15200,29.7,0.2,100.0,E5,76.3,86.7,45.4,89.1,91.9,94.1,79.6,High Income
Portugal,2017,10.3,63.5,20440,35.2,0.2,100.0,E1,0.0,70.1,0.0,0.0,0.0,0.0,0.0,High Income
Portugal,2018,10.3,64.1,19930,33.8,0.3,100.0,E2,69.2,74.0,38.6,76.1,91.8,69.7,74.0,High Income
Portugal,2019,10.3,64.6,20050,33.8,0.2,100.0,E3,70.9,76.8,42.6,76.8,92.8,71.4,70.9,High Income
Portugal,2020,10.3,65.2,21990,33.8,0.2,100.0,E4,72.6,79.3,47.2,76.4,92.4,93.8,74.6,High Income
Portugal,2021,10.3,65.8,23080,33.8,0.2,100.0,E5,75.9,80.8,50.3,76.5,92.5,89.9,73.5,High Income
Qatar,2017,2.7,98.9,72690,34.4,0.2,100.0,E1,0.0,95.8,0.0,0.0,0.0,0.0,0.0,High Income
Qatar,2018,2.7,99.0,64010,41.1,0.1,100.0,E2,69.7,95.2,41.1,70.8,99.7,53.8,75.0,High Income
Qatar,2019,2.8,99.1,58610,34.4,0.0,100.0,E3,70.9,94.6,46.4,70.3,99.0,61.3,79.8,High Income
Qatar,2020,2.8,99.1,61150,34.4,0.5,100.0,E4,75.4,94.0,51.3,70.7,99.7,86.6,86.3,High Income
Qatar,2021,2.9,99.2,63410,34.4,0.5,100.0,E5,79.0,93.6,61.8,70.2,99.5,83.0,86.7,High Income
Romania,2017,19.8,53.9,9650,34.4,2.8,99.1,E1,0.0,67.6,0.0,0.0,0.0,0.0,0.0,Upper-Middle Income
Romania,2018,19.7,53.9,9650,36.0,1.9,100.0,E2,69.8,72.3,46.7,80.3,89.2,57.5,66.4,Upper-Middle Income
Romania,2019,19.5,53.9,10110,36.0,1.2,100.0,E3,71.9,76.4,50.8,81.0,90.2,58.3,76.0,Upper-Middle Income
Romania,2020,19.4,54.0,11430,36.0,1.4,100.0,E4,76.9,80.8,56.0,80.0,88.7,81.5,73.7,Upper-Middle Income
Romania,2021,19.2,54.1,12630,36.0,1.4,100.0,E5,78.1,83.6,59.1,81.7,91.3,87.8,66.7,High Income
Russia,2017,148.3,74.0,11780,36.8,0.0,100.0,E1,0.0,72.0,0.0,0.0,0.0,0.0,0.0,Upper-Middle Income
Russia,2018,148.6,74.2,9730,37.2,0.0,100.0,E2,66.0,74.7,34.7,87.5,90.3,73.3,57.6,Upper-Middle Income
Russia,2019,148.8,74.3,9210,37.5,0.0,100.0,E3,67.2,76.2,37.4,87.5,90.3,74.8,65.1,Upper-Middle Income
Russia,2020,148.9,74.4,10250,37.5,0.0,100.0,E4,70.0,76.5,40.9,87.5,90.3,92.0,62.9,Upper-Middle Income
Russia,2021,149.0,74.6,11260,37.5,0.0,100.0,E5,72.2,76.8,43.9,89.3,92.9,92.3,64.3,Upper-Middle Income
Rwanda,2017,11.7,17.0,750,43.7,20.7,29.37,E1,0.0,6.4,0.0,0.0,0.0,0.0,0.0,Low Income
Rwanda,2018,12.0,17.1,750,43.7,20.7,34.1,E2,36.2,9.0,26.5,50.0,54.7,48.0,58.3,Low Income
Rwanda,2019,12.3,17.1,740,43.7,20.2,34.72,E3,41.4,9.0,28.5,57.3,55.7,46.1,63.2,Low Income
Rwanda,2020,12.6,17.2,780,43.7,20.2,34.72,E4,44.9,9.0,30.2,41.0,51.3,68.6,69.4,Low Income
Rwanda,2021,13.0,17.3,820,43.7,20.2,34.72,E5,44.5,9.0,30.7,50.3,55.3,64.4,73.7,Low Income
Saudi Arabia,2017,31.8,83.2,23710,45.9,0.2,99.9,E1,0.0,94.0,0.0,0.0,0.0,0.0,0.0,High Income
Saudi Arabia,2018,32.6,83.4,21610,45.9,0.2,99.93,E2,65.8,92.3,29.4,65.5,83.8,56.4,65.0,High Income
Saudi Arabia,2019,33.4,83.6,19990,45.9,0.0,100.0,E3,68.6,93.0,35.5,70.0,90.5,67.0,68.7,High Income
Saudi Arabia,2020,34.2,83.8,21600,45.9,0.5,100.0,E4,71.1,94.5,43.5,69.8,89.7,87.6,74.3,High Income
Saudi Arabia,2021,35.0,84.1,22850,45.9,0.5,100.0,E5,73.1,99.2,51.6,60.6,85.3,87.1,72.9,High Income
Senegal,2017,15.0,45.9,1320,40.3,12.8,64.5,E1,0.0,15.4,0.0,0.0,0.0,0.0,0.0,Lower-Middle Income
Senegal,2018,15.4,46.3,1270,40.3,12.8,61.7,E2,41.4,19.7,20.3,59.6,78.5,39.2,59.1,Lower-Middle Income
Senegal,2019,15.8,46.7,1280,40.3,12.8,66.96,E3,44.0,24.0,24.9,59.1,77.8,34.9,58.0,Lower-Middle Income
Senegal,2020,16.3,47.2,1400,40.3,12.8,66.96,E4,47.6,6.3,31.0,59.2,78.1,50.8,71.5,Lower-Middle Income
Senegal,2021,16.7,47.7,1450,40.3,12.8,66.96,E5,48.6,6.3,34.5,53.7,79.8,43.4,64.4,Lower-Middle Income
Sierra Leone,2017,7.3,40.8,550,34.0,16.7,20.3,E1,0.0,3.7,0.0,0.0,0.0,0.0,0.0,Low Income
Sierra Leone,2018,7.5,41.2,490,34.0,16.7,23.4,E2,0.0,10.4,0.0,0.0,0.0,0.0,0.0,Low Income
Sierra Leone,2019,7.7,41.6,520,35.7,16.7,26.1,E3,23.7,13.5,23.7,34.3,50.8,39.4,24.1,Low Income
Sierra Leone,2020,7.8,42.1,490,35.7,16.7,26.1,E4,29.7,13.5,31.0,39.0,57.9,49.0,24.3,Low Income
Sierra Leone,2021,8.0,42.5,500,35.7,10.7,26.1,E5,28.9,13.5,32.8,39.7,59.0,41.6,20.6,Low Income
Singapore,2017,5.6,100.0,53160,45.9,0.3,100.0,E1,0.0,88.2,0.0,0.0,0.0,0.0,0.0,High Income
Singapore,2018,5.6,100.0,53020,45.9,0.5,100.0,E2,80.8,91.1,67.8,81.2,96.0,66.9,74.8,High Income
Singapore,2019,5.6,100.0,54320,45.9,0.5,100.0,E3,82.4,91.1,74.1,80.7,95.4,71.3,70.8,High Income
Singapore,2020,5.7,100.0,57900,45.9,0.2,100.0,E4,86.3,97.7,77.5,77.9,92.2,87.1,77.4,High Income
Singapore,2021,5.7,100.0,59590,45.9,0.3,100.0,E5,87.3,98.4,80.0,82.6,99.8,84.7,73.9,High Income
Slovakia,2017,5.4,53.9,17670,25.2,0.4,100.0,E1,0.0,79.4,0.0,0.0,0.0,0.0,0.0,High Income
Slovakia,2018,5.4,53.8,16790,25.2,0.3,100.0,E2,0.0,80.4,0.0,0.0,0.0,0.0,0.0,High Income
Slovakia,2019,5.5,53.8,16580,25.2,1.2,100.0,E3,0.0,81.2,0.0,0.0,0.0,0.0,0.0,High Income
Slovakia,2020,5.5,53.7,18330,25.2,1.2,100.0,E4,74.4,80.7,43.3,74.7,89.6,93.7,58.2,High Income
Slovakia,2021,5.5,53.7,19320,25.2,1.2,100.0,E5,76.4,82.1,46.2,75.8,91.2,88.5,70.9,High Income
South Africa,2017,56.2,64.8,6050,63.0,6.2,84.2,E1,0.0,49.8,0.0,0.0,0.0,0.0,0.0,Upper-Middle Income
South Africa,2018,57.0,65.3,5470,63.0,6.2,84.4,E2,60.1,59.7,31.7,79.0,87.2,51.0,72.4,Upper-Middle Income
South Africa,2019,57.8,65.8,5410,63.0,6.2,91.23,E3,60.9,61.7,34.1,79.0,87.2,49.7,75.9,Upper-Middle Income
South Africa,2020,58.6,66.4,5750,63.0,6.2,91.23,E4,69.1,61.7,36.6,73.2,88.6,86.5,81.3,Upper-Middle Income
South Africa,2021,59.3,66.9,6040,63.0,6.2,91.23,E5,68.6,61.7,39.4,73.4,88.7,82.9,76.3,Upper-Middle Income
South Korea,2017,51.0,81.6,28720,31.6,0.1,100.0,E1,0.0,98.8,0.0,0.0,0.0,0.0,0.0,High Income
South Korea,2018,51.1,81.6,29330,31.6,0.1,100.0,E2,76.9,99.2,56.4,83.3,88.8,72.1,67.5,High Income
South Korea,2019,51.2,81.5,30300,31.6,0.1,100.0,E3,77.4,99.5,57.6,84.7,91.0,71.5,71.3,High Income
South Korea,2020,51.2,81.5,32610,31.6,0.1,100.0,E4,83.7,99.5,64.1,84.7,91.6,84.9,75.1,High Income
South Korea,2021,51.3,81.4,33720,31.6,0.1,100.0,E5,86.9,99.7,71.5,84.5,91.6,78.8,82.4,High Income
Spain,2017,46.6,79.6,28430,35.8,0.5,100.0,E1,0.0,78.8,0.0,0.0,0.0,0.0,0.0,High Income
Spain,2018,46.6,79.8,27530,34.7,0.6,100.0,E2,70.2,82.0,40.2,87.0,96.8,67.6,76.0,High Income
Spain,2019,46.7,80.1,27060,34.7,0.7,100.0,E3,72.4,83.4,46.3,90.7,92.3,67.1,76.3,High Income
Spain,2020,46.7,80.3,29320,34.7,0.5,100.0,E4,78.2,86.4,51.8,90.4,92.0,85.2,81.7,High Income
Spain,2021,46.8,80.6,30390,34.7,0.5,100.0,E5,79.7,91.4,55.2,91.9,94.2,88.5,85.1,High Income
Sri Lanka,2017,21.0,18.3,3760,39.8,0.3,97.5,E1,0.0,17.9,0.0,0.0,0.0,0.0,0.0,Lower-Middle Income
Sri Lanka,2018,21.1,18.3,3810,39.8,0.3,97.5,E2,54.7,20.9,29.1,68.8,82.8,61.3,58.8,Lower-Middle Income
Sri Lanka,2019,21.2,18.4,3870,39.8,0.1,99.58,E3,56.0,24.2,32.5,70.9,86.0,61.5,59.9,Lower-Middle Income
Sri Lanka,2020,21.3,18.5,4040,39.8,0.1,99.58,E4,60.2,24.2,36.8,63.3,84.6,82.3,60.5,Lower-Middle Income
Sri Lanka,2021,21.4,18.6,4020,39.8,0.1,99.58,E5,61.7,24.2,36.5,64.2,85.9,73.5,43.0,Lower-Middle Income
Sudan,2017,39.8,33.9,1690,34.2,2.9,53.05,E1,0.0,32.1,0.0,0.0,0.0,0.0,0.0,Lower-Middle Income
Sudan,2018,40.8,34.1,1570,34.2,2.9,56.5,E2,31.7,33.4,19.6,53.4,70.1,39.2,39.9,Lower-Middle Income
Sudan,2019,41.8,34.4,1320,34.2,2.9,59.78,E3,31.6,33.4,23.9,52.8,69.1,40.7,42.5,Lower-Middle Income
Sudan,2020,42.8,34.6,840,34.2,2.9,59.78,E4,32.3,33.4,23.4,57.3,75.8,60.1,38.1,Low Income
Sudan,2021,43.8,34.9,590,34.2,2.9,59.78,E5,32.2,33.4,22.2,55.4,72.9,60.1,41.7,Low Income
Sweden,2017,9.8,86.6,58250,29.6,0.3,100.0,E1,0.0,91.0,0.0,0.0,0.0,0.0,0.0,High Income
Sweden,2018,9.9,86.8,54370,28.8,0.3,100.0,E2,75.9,92.0,44.9,91.7,93.3,71.1,77.6,High Income
Sweden,2019,10.0,87.2,52970,28.8,0.2,100.0,E3,77.2,94.7,48.6,91.8,93.4,75.4,75.0,High Income
Sweden,2020,10.1,87.4,55620,28.8,0.1,100.0,E4,81.3,94.7,54.1,92.3,94.0,89.6,81.6,High Income
Sweden,2021,10.1,87.7,55840,28.8,0.1,100.0,E5,83.9,96.1,58.7,91.3,92.7,90.7,83.0,High Income
Switzerland,2017,8.4,73.7,85800,33.0,0.0,100.0,E1,0.0,84.7,0.0,0.0,0.0,0.0,0.0,High Income
Switzerland,2018,8.5,73.7,82110,32.7,0.0,100.0,E2,75.4,86.8,45.4,77.8,99.0,60.0,72.3,High Income
Switzerland,2019,8.5,73.8,81120,32.7,0.0,100.0,E3,77.6,88.6,50.6,78.3,99.5,75.3,75.8,High Income
Switzerland,2020,8.6,73.8,84430,32.7,0.0,100.0,E4,84.0,88.6,57.7,76.6,97.0,93.6,81.3,High Income
Switzerland,2021,8.7,73.8,85500,32.7,0.0,100.0,E5,85.5,91.6,64.7,75.7,95.7,84.7,79.6,High Income
Taiwan,2017,23.5,80.0,22267,33.6,0.3,99.0,E1,0.0,81.9,0.0,0.0,0.0,0.0,0.0,High Income
Taiwan,2018,23.6,80.0,22267,33.6,0.5,99.0,E2,70.0,81.9,46.3,73.7,86.5,71.4,66.3,High Income
Taiwan,2019,23.6,80.0,23287,33.6,0.5,99.0,E3,72.3,89.9,50.6,73.9,87.0,71.6,71.0,High Income
Taiwan,2020,23.6,80.0,23287,33.6,0.2,99.0,E4,77.0,89.0,67.2,73.6,87.0,91.2,72.9,High Income
Taiwan,2021,23.6,80.0,26514,33.6,0.3,99.0,E5,81.5,86.2,71.5,74.3,88.3,92.0,77.2,High Income
Tanzania,2017,53.0,31.6,980,37.8,15.4,32.8,E1,0.0,4.8,0.0,0.0,0.0,0.0,0.0,Low Income
Tanzania,2018,54.7,32.3,970,40.5,15.4,32.73,E2,31.4,8.2,25.0,63.1,74.3,49.3,61.0,Low Income
Tanzania,2019,56.3,33.1,970,40.5,15.4,35.56,E3,33.1,14.1,27.5,64.2,75.9,53.1,62.4,Low Income
Tanzania,2020,58.0,33.8,1020,40.5,15.7,35.56,E4,34.4,14.1,29.8,71.0,76.1,59.6,65.1,Low Income
Tanzania,2021,59.7,34.5,1080,40.5,15.7,35.56,E5,32.5,14.1,31.4,72.4,78.2,57.0,65.7,Lower-Middle Income
Thailand,2017,69.0,47.7,5710,36.9,0.0,100.0,E1,0.0,52.1,0.0,0.0,0.0,0.0,0.0,Upper-Middle Income
Thailand,2018,69.2,48.4,5700,36.5,0.0,99.9,E2,65.4,59.7,36.2,77.7,84.8,52.2,68.8,Upper-Middle Income
Thailand,2019,69.4,49.2,5960,36.4,0.0,100.0,E3,67.3,64.3,38.2,78.4,85.9,57.4,49.7,Upper-Middle Income
Thailand,2020,69.6,50.0,6600,36.4,0.0,100.0,E4,71.5,67.6,43.7,80.3,88.7,75.2,57.5,Upper-Middle Income
Thailand,2021,69.8,50.7,7260,36.4,0.0,100.0,E5,76.4,74.5,58.9,79.5,87.5,69.9,50.3,Upper-Middle Income
Trinidad & Tobago,2017,1.4,53.3,19130,40.3,0.9,100.0,E1,0.0,64.9,0.0,0.0,0.0,0.0,0.0,High Income
Trinidad & Tobago,2018,1.4,53.2,16720,40.3,0.9,100.0,E2,0.0,70.8,0.0,0.0,0.0,0.0,0.0,High Income
Trinidad & Tobago,2019,1.4,53.2,15950,40.3,0.9,100.0,E3,0.0,77.4,0.0,0.0,0.0,0.0,0.0,High Income
Trinidad & Tobago,2020,1.4,53.2,16020,40.3,0.9,100.0,E4,71.8,77.4,38.0,71.5,86.6,61.1,71.0,High Income
Trinidad & Tobago,2021,1.4,53.2,16890,40.3,0.9,100.0,E5,72.8,77.4,42.6,65.6,87.8,61.3,63.6,High Income
Tunisia,2017,11.3,68.1,3960,32.8,0.4,100.0,E1,0.0,30.5,0.0,0.0,0.0,0.0,0.0,Lower-Middle Income
Tunisia,2018,11.4,68.3,3750,32.8,0.0,100.0,E2,0.0,37.3,0.0,0.0,0.0,0.0,0.0,Lower-Middle Income
Tunisia,2019,11.6,68.6,3520,32.8,0.0,99.8,E3,61.1,44.3,31.9,76.0,83.3,52.5,55.3,Lower-Middle Income
Tunisia,2020,11.7,68.9,3500,32.8,0.0,99.8,E4,62.4,45.8,35.8,77.3,85.1,67.9,58.7,Lower-Middle Income
Tunisia,2021,11.8,69.3,3360,32.8,0.0,99.8,E5,63.2,51.4,37.4,75.8,82.8,60.1,57.4,Lower-Middle Income
Turkey,2017,79.8,73.6,11960,41.9,0.0,100.0,E1,0.0,69.4,0.0,0.0,0.0,0.0,0.0,Upper-Middle Income
Turkey,2018,81.1,74.1,11180,41.4,0.1,100.0,E2,63.9,76.2,36.5,63.6,84.6,68.7,65.6,Upper-Middle Income
Turkey,2019,82.3,74.6,10900,41.9,0.0,100.0,E3,66.6,80.6,39.0,64.4,85.6,70.9,68.2,Upper-Middle Income
Turkey,2020,83.4,75.1,10420,41.9,0.0,100.0,E4,69.4,83.8,41.3,63.7,84.4,87.8,74.4,Upper-Middle Income
Turkey,2021,84.3,75.6,9610,41.9,0.0,100.0,E5,70.2,88.3,42.2,64.5,85.4,79.2,77.1,Upper-Middle Income
UAE,2017,9.4,85.7,42860,32.5,0.0,100.0,E1,0.0,94.3,0.0,0.0,0.0,0.0,0.0,High Income
UAE,2018,9.5,86.0,40570,32.5,0.0,100.0,E2,67.9,94.3,44.6,66.0,93.0,57.7,64.5,High Income
UAE,2019,9.6,86.2,39290,32.5,0.0,100.0,E3,70.8,96.9,48.9,64.6,91.0,62.7,66.2,High Income
UAE,2020,9.8,86.5,41470,32.5,0.0,100.0,E4,77.7,98.4,53.9,66.5,94.2,83.5,64.7,High Income
UAE,2021,9.5,86.8,43470,32.5,0.0,100.0,E5,81.3,99.1,67.5,67.2,95.4,85.1,65.0,High Income
Uganda,2017,39.6,22.1,830,42.8,10.8,26.7,E1,0.0,6.9,0.0,0.0,0.0,0.0,0.0,Low Income
Uganda,2018,41.2,22.6,790,42.8,10.8,31.82,E2,28.6,8.6,25.0,52.2,67.6,62.7,59.5,Low Income
Uganda,2019,42.7,23.2,740,42.8,13.2,42.65,E3,27.9,10.5,27.9,53.3,69.4,66.4,60.0,Low Income
Uganda,2020,44.3,23.8,750,42.8,13.2,42.65,E4,36.5,10.5,31.1,55.1,72.1,74.1,71.9,Low Income
Uganda,2021,45.5,24.4,780,42.8,13.2,42.65,E5,39.4,10.5,31.4,56.8,74.5,76.1,71.1,Low Income
Ukraine,2017,42.5,69.1,2700,25.0,0.0,100.0,E1,0.0,50.1,0.0,0.0,0.0,0.0,0.0,Lower-Middle Income
Ukraine,2018,42.4,69.2,2370,26.0,0.0,100.0,E2,59.1,54.5,30.6,73.8,80.4,70.3,55.3,Lower-Middle Income
Ukraine,2019,42.2,69.2,2380,26.1,0.0,100.0,E3,61.0,60.2,35.7,76.4,84.3,72.5,65.6,Lower-Middle Income
Ukraine,2020,42.0,69.4,2800,26.1,0.0,100.0,E4,65.2,61.8,40.8,73.6,80.0,91.9,69.8,Lower-Middle Income
Ukraine,2021,41.8,69.5,3370,26.1,0.0,100.0,E5,68.4,61.8,44.0,75.5,82.8,86.9,62.4,Lower-Middle Income
United Kingdom,2017,65.8,82.6,44290,34.8,0.1,100.0,E1,0.0,91.3,0.0,0.0,0.0,0.0,0.0,High Income
United Kingdom,2018,66.7,82.9,42980,34.8,0.1,100.0,E2,72.8,93.5,39.5,92.7,94.9,63.2,70.9,High Income
United Kingdom,2019,67.1,83.1,41370,34.8,0.1,100.0,E3,73.8,89.6,41.1,92.6,94.6,68.2,72.7,High Income
United Kingdom,2020,67.5,83.4,41730,34.8,0.1,100.0,E4,77.4,90.2,43.0,93.7,96.4,85.3,77.2,High Income
United Kingdom,2021,67.9,83.6,42370,34.8,0.1,100.0,E5,79.6,92.9,44.1,94.7,98.0,84.1,76.5,High Income
United States,2017,323.0,81.7,56740,41.4,0.9,100.0,E1,0.0,81.4,0.0,0.0,0.0,0.0,0.0,High Income
United States,2018,325.1,81.9,57180,41.4,0.9,100.0,E2,71.6,81.8,38.0,95.8,94.3,71.2,69.6,High Income
United States,2019,327.1,82.1,59060,41.4,1.0,100.0,E3,73.0,83.8,41.6,97.9,97.6,75.5,64.4,High Income
United States,2020,329.1,82.3,63200,41.4,1.0,100.0,E4,78.5,85.3,46.5,98.0,97.8,90.8,74.7,High Income
United States,2021,331.0,82.5,65760,41.4,1.0,100.0,E5,80.8,85.3,50.5,92.3,99.4,92.9,81.9,High Income
Uruguay,2017,3.4,95.0,15640,39.7,0.0,99.7,E1,0.0,59.6,0.0,0.0,0.0,0.0,0.0,High Income
Uruguay,2018,3.4,95.1,14980,39.5,0.0,100.0,E2,0.0,61.7,0.0,0.0,0.0,0.0,0.0,High Income
Uruguay,2019,3.4,95.2,15150,39.7,0.0,100.0,E3,64.4,64.2,37.8,61.7,90.3,71.6,68.1,High Income
Uruguay,2020,3.4,95.3,15910,39.7,0.0,100.0,E4,69.6,68.3,40.9,62.5,91.6,89.3,73.7,High Income
Uruguay,2021,3.5,95.4,16230,39.7,0.0,100.0,E5,70.2,69.2,43.3,69.9,92.5,86.5,67.1,High Income
Uzbekistan,2017,31.4,50.8,2600,35.3,22.1,100.0,E1,0.0,75.1,0.0,0.0,0.0,0.0,0.0,Lower-Middle Income
Uzbekistan,2018,32.0,50.6,2660,35.3,22.1,100.0,E2,52.2,79.6,26.0,54.8,69.6,59.8,59.2,Lower-Middle Income
Uzbekistan,2019,32.5,50.6,2350,35.3,22.1,100.0,E3,53.8,79.8,26.6,57.7,74.0,59.8,59.3,Lower-Middle Income
Uzbekistan,2020,33.0,50.5,2020,35.3,22.1,100.0,E4,53.5,80.3,29.1,63.1,72.2,73.1,52.8,Lower-Middle Income
Uzbekistan,2021,33.5,50.4,1800,35.3,22.1,100.0,E5,59.1,80.3,33.0,63.0,72.2,70.7,64.9,Lower-Middle Income
Venezuela,2017,30.8,88.2,13080,46.9,7.1,99.4,E1,0.0,34.5,0.0,0.0,0.0,0.0,0.0,High Income
Venezuela,2018,31.2,88.2,13080,46.9,7.1,99.2,E2,55.1,33.8,21.1,61.7,81.0,44.8,44.5,High Income
Venezuela,2019,31.6,88.2,13080,46.9,7.1,100.0,E3,54.2,33.3,21.8,64.4,85.0,53.4,46.5,High Income
Venezuela,2020,29.8,88.2,13080,46.9,7.1,100.0,E4,53.4,33.3,18.6,64.3,85.0,71.1,52.9,High Income
Venezuela,2021,28.0,88.2,13080,46.9,7.1,100.0,E5,57.1,33.3,21.1,64.3,85.0,75.3,48.9,High Income
Vietnam,2017,93.6,33.8,1970,35.3,0.6,99.2,E1,0.0,23.9,0.0,0.0,0.0,0.0,0.0,Lower-Middle Income
Vietnam,2018,94.6,34.5,2080,35.3,0.6,100.0,E2,54.9,25.7,35.9,71.6,84.8,72.2,66.0,Lower-Middle Income
Vietnam,2019,95.5,35.2,2120,35.7,0.4,100.0,E3,61.8,27.1,39.2,68.3,79.9,73.3,71.5,Lower-Middle Income
Vietnam,2020,96.5,35.9,2360,35.7,0.4,100.0,E4,66.3,45.8,43.2,70.9,83.9,83.1,69.4,Lower-Middle Income
Vietnam,2021,97.3,36.6,2540,35.7,0.4,100.0,E5,69.1,45.8,49.8,69.4,81.7,79.8,69.9,Lower-Middle Income
Zambia,2017,16.4,41.9,1580,57.1,31.6,35.31,E1,0.0,12.4,0.0,0.0,0.0,0.0,0.0,Lower-Middle Income
Zambia,2018,16.8,42.4,1370,57.1,29.5,40.3,E2,30.1,14.0,25.0,54.4,71.0,42.8,48.0,Lower-Middle Income
Zambia,2019,17.4,43.0,1300,57.1,29.5,39.81,E3,36.0,16.3,25.6,56.6,74.3,37.9,59.1,Lower-Middle Income
Zambia,2020,17.9,43.5,1460,57.1,29.5,39.81,E4,37.5,17.5,29.6,57.6,75.7,49.1,59.6,Lower-Middle Income
Zambia,2021,18.4,44.1,1450,57.1,29.5,39.81,E5,37.5,17.5,31.6,58.8,77.6,59.1,60.5,Lower-Middle Income
Zimbabwe,2017,14.0,32.4,1280,43.2,5.2,39.92,E1,0.0,21.4,0.0,0.0,0.0,0.0,0.0,Lower-Middle Income
Zimbabwe,2018,14.2,32.3,1290,44.3,5.2,40.48,E2,0.0,21.9,0.0,0.0,0.0,0.0,0.0,Lower-Middle Income
Zimbabwe,2019,14.4,32.2,1360,44.3,5.2,41.04,E3,0.0,23.8,0.0,0.0,0.0,0.0,0.0,Lower-Middle Income
Zimbabwe,2020,14.6,32.2,1530,44.3,9.3,41.04,E4,43.2,30.1,31.6,38.9,58.3,54.0,49.7,Lower-Middle Income
Zimbabwe,2021,14.9,32.2,1390,44.3,9.3,41.04,E5,48.0,30.1,31.2,40.4,60.6,49.9,53.4,Lower-Middle Income
