user_loc,fr_loc,scaled_sci,categories
AU,AE,11931,Australia
AU,AF,6313,Australia
AU,AG,3514,Australia
AU,AL,2268,Australia
AU,AM,1277,Australia
AU,AO,291,Australia
AU,AR,1624,Australia
AU,AT,5680,Australia
AU,AU,1780129,Australia
AU,AW,2719,Australia
AU,AZ,443,Australia
AU,BA,7830,Australia
AU,BB,4314,Australia
AU,BD,1765,Australia
AU,BE,4143,Australia
AU,BF,210,Australia
AU,BG,1578,Australia
AU,BH,6822,Australia
AU,BI,4547,Australia
AU,BJ,380,Australia
AU,BN,11472,Australia
AU,BO,337,Australia
AU,BR,1749,Australia
AU,BS,3131,Australia
AU,BT,47252,Australia
AU,BW,3484,Australia
AU,BY,1051,Australia
AU,BZ,1245,Australia
AU,CA,15832,Australia
AU,CD,868,Australia
AU,CF,1119,Australia
AU,CG,465,Australia
AU,CH,10447,Australia
AU,CI,298,Australia
AU,CL,2907,Australia
AU,CM,556,Australia
AU,CO,2728,Australia
AU,CR,1216,Australia
AU,CV,714,Australia
AU,CW,2561,Australia
AU,CY,15743,Australia
AU,CZ,2560,Australia
AU,DE,5747,Australia
AU,DJ,1577,Australia
AU,DK,7728,Australia
AU,DO,466,Australia
AU,DZ,234,Australia
AU,EC,531,Australia
AU,EE,11743,Australia
AU,EG,1061,Australia
AU,ES,3120,Australia
AU,ET,3032,Australia
AU,FI,6137,Australia
AU,FJ,116638,Australia
AU,FM,3687,Australia
AU,FR,3684,Australia
AU,GA,364,Australia
AU,GB,27247,Australia
AU,GD,2718,Australia
AU,GE,605,Australia
AU,GF,897,Australia
AU,GH,2045,Australia
AU,GM,2967,Australia
AU,GN,1253,Australia
AU,GP,1541,Australia
AU,GQ,582,Australia
AU,GR,10798,Australia
AU,GT,301,Australia
AU,GU,7620,Australia
AU,GW,242,Australia
AU,GY,989,Australia
AU,HK,21965,Australia
AU,HN,285,Australia
AU,HR,7071,Australia
AU,HT,316,Australia
AU,HU,2571,Australia
AU,ID,1580,Australia
AU,IE,50323,Australia
AU,IM,28000,Australia
AU,IN,2661,Australia
AU,IS,8133,Australia
AU,IT,5875,Australia
AU,JE,41540,Australia
AU,JM,1718,Australia
AU,JO,2469,Australia
AU,JP,4713,Australia
AU,KE,4726,Australia
AU,KG,379,Australia
AU,KH,4751,Australia
AU,KI,42671,Australia
AU,KM,199,Australia
AU,KR,4343,Australia
AU,KW,5002,Australia
AU,KY,31267,Australia
AU,KZ,429,Australia
AU,LA,3265,Australia
AU,LB,25219,Australia
AU,LC,2274,Australia
AU,LK,24725,Australia
AU,LR,9270,Australia
AU,LS,265,Australia
AU,LT,2191,Australia
AU,LU,6495,Australia
AU,LV,2382,Australia
AU,LY,348,Australia
AU,MA,479,Australia
AU,MD,465,Australia
AU,ME,6157,Australia
AU,MG,330,Australia
AU,MK,25484,Australia
AU,ML,277,Australia
AU,MM,1933,Australia
AU,MN,6609,Australia
AU,MO,15510,Australia
AU,MQ,1208,Australia
AU,MR,245,Australia
AU,MT,42147,Australia
AU,MU,24360,Australia
AU,MV,9402,Australia
AU,MW,1608,Australia
AU,MX,483,Australia
AU,MY,13754,Australia
AU,MZ,521,Australia
AU,NC,13699,Australia
AU,NE,287,Australia
AU,NG,1399,Australia
AU,NI,342,Australia
AU,NL,8011,Australia
AU,NO,8424,Australia
AU,NP,25772,Australia
AU,NZ,209359,Australia
AU,OM,4356,Australia
AU,PA,925,Australia
AU,PE,880,Australia
AU,PF,7249,Australia
AU,PG,25860,Australia
AU,PH,7257,Australia
AU,PK,2435,Australia
AU,PL,1523,Australia
AU,PR,1085,Australia
AU,PT,4518,Australia
AU,PY,563,Australia
AU,QA,9406,Australia
AU,RE,2275,Australia
AU,RO,1473,Australia
AU,RS,6394,Australia
AU,RW,2330,Australia
AU,SA,2493,Australia
AU,SB,55722,Australia
AU,SC,25956,Australia
AU,SE,9471,Australia
AU,SG,35503,Australia
AU,SI,5203,Australia
AU,SK,2187,Australia
AU,SL,7835,Australia
AU,SN,393,Australia
AU,SR,950,Australia
AU,ST,396,Australia
AU,SV,842,Australia
AU,SZ,1104,Australia
AU,TD,537,Australia
AU,TG,567,Australia
AU,TH,3810,Australia
AU,TJ,456,Australia
AU,TL,29900,Australia
AU,TN,586,Australia
AU,TO,381475,Australia
AU,TR,1218,Australia
AU,TT,2489,Australia
AU,TW,5936,Australia
AU,TZ,1211,Australia
AU,UA,628,Australia
AU,UG,4002,Australia
AU,US,6142,Australia
AU,UY,2541,Australia
AU,UZ,412,Australia
AU,VC,2251,Australia
AU,VN,3032,Australia
AU,VU,104880,Australia
AU,WS,190020,Australia
AU,YT,477,Australia
AU,ZA,4001,Australia
AU,ZM,2290,Australia
AU,ZW,13012,Australia
BR,AE,1050,Brazil
BR,AF,584,Brazil
BR,AG,712,Brazil
BR,AL,551,Brazil
BR,AM,175,Brazil
BR,AO,12386,Brazil
BR,AR,3259,Brazil
BR,AT,959,Brazil
BR,AU,1749,Brazil
BR,AW,2033,Brazil
BR,AZ,264,Brazil
BR,BA,286,Brazil
BR,BB,586,Brazil
BR,BD,300,Brazil
BR,BE,1808,Brazil
BR,BF,670,Brazil
BR,BG,397,Brazil
BR,BH,683,Brazil
BR,BI,459,Brazil
BR,BJ,2979,Brazil
BR,BN,230,Brazil
BR,BO,6442,Brazil
BR,BR,610340,Brazil
BR,BS,1148,Brazil
BR,BT,149,Brazil
BR,BW,342,Brazil
BR,BY,441,Brazil
BR,BZ,1276,Brazil
BR,CA,1378,Brazil
BR,CD,902,Brazil
BR,CF,842,Brazil
BR,CG,1400,Brazil
BR,CH,3989,Brazil
BR,CI,1555,Brazil
BR,CL,2247,Brazil
BR,CM,1287,Brazil
BR,CO,2689,Brazil
BR,CR,1994,Brazil
BR,CV,14671,Brazil
BR,CW,1368,Brazil
BR,CY,747,Brazil
BR,CZ,360,Brazil
BR,DE,1222,Brazil
BR,DJ,459,Brazil
BR,DK,677,Brazil
BR,DO,4648,Brazil
BR,DZ,982,Brazil
BR,EC,2061,Brazil
BR,EE,513,Brazil
BR,EG,832,Brazil
BR,ES,2739,Brazil
BR,ET,258,Brazil
BR,FI,530,Brazil
BR,FJ,328,Brazil
BR,FM,133,Brazil
BR,FR,1152,Brazil
BR,GA,1275,Brazil
BR,GB,1540,Brazil
BR,GD,761,Brazil
BR,GE,221,Brazil
BR,GF,36664,Brazil
BR,GH,1715,Brazil
BR,GM,3714,Brazil
BR,GN,859,Brazil
BR,GP,1919,Brazil
BR,GQ,2013,Brazil
BR,GR,654,Brazil
BR,GT,1304,Brazil
BR,GU,289,Brazil
BR,GW,13954,Brazil
BR,GY,4871,Brazil
BR,HK,277,Brazil
BR,HN,1628,Brazil
BR,HR,474,Brazil
BR,HT,12179,Brazil
BR,HU,408,Brazil
BR,ID,201,Brazil
BR,IE,7857,Brazil
BR,IM,582,Brazil
BR,IN,221,Brazil
BR,IS,778,Brazil
BR,IT,2131,Brazil
BR,JE,1786,Brazil
BR,JM,1381,Brazil
BR,JO,437,Brazil
BR,JP,1641,Brazil
BR,KE,653,Brazil
BR,KG,108,Brazil
BR,KH,289,Brazil
BR,KI,364,Brazil
BR,KM,321,Brazil
BR,KR,262,Brazil
BR,KW,592,Brazil
BR,KY,1819,Brazil
BR,KZ,198,Brazil
BR,LA,110,Brazil
BR,LB,1555,Brazil
BR,LC,734,Brazil
BR,LK,614,Brazil
BR,LR,1739,Brazil
BR,LS,192,Brazil
BR,LT,279,Brazil
BR,LU,5742,Brazil
BR,LV,331,Brazil
BR,LY,343,Brazil
BR,MA,1720,Brazil
BR,MD,161,Brazil
BR,ME,514,Brazil
BR,MG,1190,Brazil
BR,MK,462,Brazil
BR,ML,734,Brazil
BR,MM,71,Brazil
BR,MN,100,Brazil
BR,MO,483,Brazil
BR,MQ,1921,Brazil
BR,MR,702,Brazil
BR,MT,2403,Brazil
BR,MU,700,Brazil
BR,MV,651,Brazil
BR,MW,318,Brazil
BR,MX,1254,Brazil
BR,MY,186,Brazil
BR,MZ,7016,Brazil
BR,NC,377,Brazil
BR,NE,564,Brazil
BR,NG,1039,Brazil
BR,NI,2063,Brazil
BR,NL,1320,Brazil
BR,NO,766,Brazil
BR,NP,127,Brazil
BR,NZ,1490,Brazil
BR,OM,537,Brazil
BR,PA,2407,Brazil
BR,PE,2123,Brazil
BR,PF,521,Brazil
BR,PG,367,Brazil
BR,PH,443,Brazil
BR,PK,679,Brazil
BR,PL,249,Brazil
BR,PR,1137,Brazil
BR,PT,27797,Brazil
BR,PY,20058,Brazil
BR,QA,803,Brazil
BR,RE,349,Brazil
BR,RO,469,Brazil
BR,RS,511,Brazil
BR,RW,499,Brazil
BR,SA,546,Brazil
BR,SB,294,Brazil
BR,SC,679,Brazil
BR,SE,703,Brazil
BR,SG,362,Brazil
BR,SI,505,Brazil
BR,SK,292,Brazil
BR,SL,1711,Brazil
BR,SN,1817,Brazil
BR,SR,10776,Brazil
BR,ST,22874,Brazil
BR,SV,1364,Brazil
BR,SZ,316,Brazil
BR,TD,407,Brazil
BR,TG,1595,Brazil
BR,TH,123,Brazil
BR,TJ,237,Brazil
BR,TL,1570,Brazil
BR,TN,1967,Brazil
BR,TO,246,Brazil
BR,TR,423,Brazil
BR,TT,2313,Brazil
BR,TW,150,Brazil
BR,TZ,451,Brazil
BR,UA,262,Brazil
BR,UG,992,Brazil
BR,US,1511,Brazil
BR,UY,9542,Brazil
BR,UZ,163,Brazil
BR,VC,606,Brazil
BR,VN,315,Brazil
BR,VU,188,Brazil
BR,WS,240,Brazil
BR,YT,404,Brazil
BR,ZA,286,Brazil
BR,ZM,598,Brazil
BR,ZW,246,Brazil
CA,AE,13566,Canada
CA,AF,4977,Canada
CA,AG,66793,Canada
CA,AL,5606,Canada
CA,AM,3660,Canada
CA,AO,1403,Canada
CA,AR,961,Canada
CA,AT,4474,Canada
CA,AU,15832,Canada
CA,AW,9476,Canada
CA,AZ,1133,Canada
CA,BA,5297,Canada
CA,BB,68058,Canada
CA,BD,1721,Canada
CA,BE,5968,Canada
CA,BF,4798,Canada
CA,BG,2654,Canada
CA,BH,7974,Canada
CA,BI,14815,Canada
CA,BJ,3580,Canada
CA,BN,4782,Canada
CA,BO,645,Canada
CA,BR,1378,Canada
CA,BS,58598,Canada
CA,BT,3260,Canada
CA,BW,2825,Canada
CA,BY,1674,Canada
CA,BZ,11398,Canada
CA,CA,1168333,Canada
CA,CD,5373,Canada
CA,CF,9278,Canada
CA,CG,5672,Canada
CA,CH,11388,Canada
CA,CI,5063,Canada
CA,CL,2215,Canada
CA,CM,8499,Canada
CA,CO,2754,Canada
CA,CR,4816,Canada
CA,CV,1321,Canada
CA,CW,6494,Canada
CA,CY,7503,Canada
CA,CZ,2478,Canada
CA,DE,4654,Canada
CA,DJ,17754,Canada
CA,DK,4949,Canada
CA,DO,5340,Canada
CA,DZ,1576,Canada
CA,EC,1640,Canada
CA,EE,2929,Canada
CA,EG,1641,Canada
CA,ES,2699,Canada
CA,ET,6754,Canada
CA,FI,3773,Canada
CA,FJ,10501,Canada
CA,FM,1680,Canada
CA,FR,7921,Canada
CA,GA,4432,Canada
CA,GB,10675,Canada
CA,GD,98742,Canada
CA,GE,1439,Canada
CA,GF,8557,Canada
CA,GH,4652,Canada
CA,GM,6388,Canada
CA,GN,6831,Canada
CA,GP,11263,Canada
CA,GQ,3006,Canada
CA,GR,5967,Canada
CA,GT,3032,Canada
CA,GU,10698,Canada
CA,GW,1067,Canada
CA,GY,38268,Canada
CA,HK,16199,Canada
CA,HN,2172,Canada
CA,HR,4958,Canada
CA,HT,23361,Canada
CA,HU,3405,Canada
CA,ID,315,Canada
CA,IE,18099,Canada
CA,IM,9241,Canada
CA,IN,3276,Canada
CA,IS,9786,Canada
CA,IT,3824,Canada
CA,JE,10742,Canada
CA,JM,69992,Canada
CA,JO,4258,Canada
CA,JP,2654,Canada
CA,KE,3330,Canada
CA,KG,755,Canada
CA,KH,1236,Canada
CA,KI,500,Canada
CA,KM,1279,Canada
CA,KR,3676,Canada
CA,KW,6577,Canada
CA,KY,106228,Canada
CA,KZ,786,Canada
CA,LA,1305,Canada
CA,LB,22067,Canada
CA,LC,85192,Canada
CA,LK,7599,Canada
CA,LR,5730,Canada
CA,LS,322,Canada
CA,LT,1681,Canada
CA,LU,8628,Canada
CA,LV,2624,Canada
CA,LY,1432,Canada
CA,MA,2490,Canada
CA,MD,3741,Canada
CA,ME,4975,Canada
CA,MG,2056,Canada
CA,MK,5664,Canada
CA,ML,3848,Canada
CA,MM,306,Canada
CA,MN,1026,Canada
CA,MO,11632,Canada
CA,MQ,10125,Canada
CA,MR,2354,Canada
CA,MT,12348,Canada
CA,MU,15926,Canada
CA,MV,2906,Canada
CA,MW,1445,Canada
CA,MX,2399,Canada
CA,MY,1379,Canada
CA,MZ,591,Canada
CA,NC,5166,Canada
CA,NE,3820,Canada
CA,NG,4568,Canada
CA,NI,2330,Canada
CA,NL,5852,Canada
CA,NO,6251,Canada
CA,NP,2690,Canada
CA,NZ,17265,Canada
CA,OM,4580,Canada
CA,PA,2780,Canada
CA,PE,1287,Canada
CA,PF,5537,Canada
CA,PG,815,Canada
CA,PH,12236,Canada
CA,PK,2243,Canada
CA,PL,1816,Canada
CA,PR,1670,Canada
CA,PT,9104,Canada
CA,PY,1129,Canada
CA,QA,10334,Canada
CA,RE,4635,Canada
CA,RO,3333,Canada
CA,RS,5306,Canada
CA,RW,9156,Canada
CA,SA,3693,Canada
CA,SB,1267,Canada
CA,SC,9956,Canada
CA,SE,6434,Canada
CA,SG,9039,Canada
CA,SI,3499,Canada
CA,SK,2604,Canada
CA,SL,4707,Canada
CA,SN,6378,Canada
CA,SR,3559,Canada
CA,ST,616,Canada
CA,SV,3940,Canada
CA,SZ,1755,Canada
CA,TD,6670,Canada
CA,TG,5822,Canada
CA,TH,703,Canada
CA,TJ,2238,Canada
CA,TL,322,Canada
CA,TN,5608,Canada
CA,TO,1735,Canada
CA,TR,1314,Canada
CA,TT,32328,Canada
CA,TW,2972,Canada
CA,TZ,1949,Canada
CA,UA,1913,Canada
CA,UG,6360,Canada
CA,US,10448,Canada
CA,UY,1746,Canada
CA,UZ,568,Canada
CA,VC,147848,Canada
CA,VN,1555,Canada
CA,VU,1125,Canada
CA,WS,1043,Canada
CA,YT,1215,Canada
CA,ZA,1423,Canada
CA,ZM,1678,Canada
CA,ZW,5478,Canada
DE,AE,5178,Germany
DE,AF,21491,Germany
DE,AG,2335,Germany
DE,AL,36557,Germany
DE,AM,7085,Germany
DE,AO,1434,Germany
DE,AR,1442,Germany
DE,AT,94662,Germany
DE,AU,5747,Germany
DE,AW,3546,Germany
DE,AZ,4767,Germany
DE,BA,98577,Germany
DE,BB,2333,Germany
DE,BD,637,Germany
DE,BE,13731,Germany
DE,BF,1795,Germany
DE,BG,55216,Germany
DE,BH,2721,Germany
DE,BI,921,Germany
DE,BJ,2971,Germany
DE,BN,881,Germany
DE,BO,962,Germany
DE,BR,1222,Germany
DE,BS,1567,Germany
DE,BT,711,Germany
DE,BW,946,Germany
DE,BY,5055,Germany
DE,BZ,943,Germany
DE,CA,4654,Germany
DE,CD,1207,Germany
DE,CF,1571,Germany
DE,CG,1755,Germany
DE,CH,67079,Germany
DE,CI,2093,Germany
DE,CL,1779,Germany
DE,CM,7559,Germany
DE,CO,1202,Germany
DE,CR,2226,Germany
DE,CV,4842,Germany
DE,CW,3863,Germany
DE,CY,17667,Germany
DE,CZ,9749,Germany
DE,DE,719479,Germany
DE,DJ,8436,Germany
DE,DK,14590,Germany
DE,DO,2525,Germany
DE,DZ,1086,Germany
DE,EC,1198,Germany
DE,EE,7796,Germany
DE,EG,1904,Germany
DE,ES,8660,Germany
DE,ET,6048,Germany
DE,FI,8171,Germany
DE,FJ,699,Germany
DE,FM,764,Germany
DE,FR,7098,Germany
DE,GA,2360,Germany
DE,GB,8767,Germany
DE,GD,2536,Germany
DE,GE,11442,Germany
DE,GF,1540,Germany
DE,GH,6474,Germany
DE,GM,31557,Germany
DE,GN,13038,Germany
DE,GP,1782,Germany
DE,GQ,3862,Germany
DE,GR,36666,Germany
DE,GT,490,Germany
DE,GU,3206,Germany
DE,GW,8183,Germany
DE,GY,573,Germany
DE,HK,2038,Germany
DE,HN,718,Germany
DE,HR,66655,Germany
DE,HT,554,Germany
DE,HU,30565,Germany
DE,ID,415,Germany
DE,IE,10870,Germany
DE,IM,5403,Germany
DE,IN,556,Germany
DE,IS,20537,Germany
DE,IT,16342,Germany
DE,JE,6571,Germany
DE,JM,2412,Germany
DE,JO,5000,Germany
DE,JP,1625,Germany
DE,KE,2673,Germany
DE,KG,1919,Germany
DE,KH,337,Germany
DE,KI,705,Germany
DE,KM,302,Germany
DE,KR,1576,Germany
DE,KW,2635,Germany
DE,KY,4921,Germany
DE,KZ,1556,Germany
DE,LA,555,Germany
DE,LB,20528,Germany
DE,LC,2043,Germany
DE,LK,2119,Germany
DE,LR,4247,Germany
DE,LS,236,Germany
DE,LT,14356,Germany
DE,LU,71833,Germany
DE,LV,17502,Germany
DE,LY,2463,Germany
DE,MA,2778,Germany
DE,MD,41481,Germany
DE,ME,47327,Germany
DE,MG,2836,Germany
DE,MK,97724,Germany
DE,ML,1509,Germany
DE,MM,238,Germany
DE,MN,2591,Germany
DE,MO,1483,Germany
DE,MQ,1559,Germany
DE,MR,1629,Germany
DE,MT,18426,Germany
DE,MU,2912,Germany
DE,MV,3015,Germany
DE,MW,484,Germany
DE,MX,769,Germany
DE,MY,772,Germany
DE,MZ,977,Germany
DE,NC,1199,Germany
DE,NE,1742,Germany
DE,NG,2269,Germany
DE,NI,765,Germany
DE,NL,19959,Germany
DE,NO,11594,Germany
DE,NP,1044,Germany
DE,NZ,6012,Germany
DE,OM,1920,Germany
DE,PA,1217,Germany
DE,PE,964,Germany
DE,PF,1352,Germany
DE,PG,325,Germany
DE,PH,992,Germany
DE,PK,1609,Germany
DE,PL,26395,Germany
DE,PR,1481,Germany
DE,PT,13243,Germany
DE,PY,1802,Germany
DE,QA,3871,Germany
DE,RE,1505,Germany
DE,RO,68789,Germany
DE,RS,51101,Germany
DE,RW,1863,Germany
DE,SA,2611,Germany
DE,SB,386,Germany
DE,SC,5323,Germany
DE,SE,15602,Germany
DE,SG,3157,Germany
DE,SI,26673,Germany
DE,SK,11562,Germany
DE,SL,8357,Germany
DE,SN,3148,Germany
DE,SR,904,Germany
DE,ST,1760,Germany
DE,SV,684,Germany
DE,SZ,535,Germany
DE,TD,1255,Germany
DE,TG,6331,Germany
DE,TH,1281,Germany
DE,TJ,3568,Germany
DE,TL,352,Germany
DE,TN,8688,Germany
DE,TO,975,Germany
DE,TR,14452,Germany
DE,TT,1497,Germany
DE,TW,1120,Germany
DE,TZ,1191,Germany
DE,UA,5290,Germany
DE,UG,4254,Germany
DE,US,3230,Germany
DE,UY,1751,Germany
DE,UZ,1302,Germany
DE,VC,1292,Germany
DE,VN,1531,Germany
DE,VU,400,Germany
DE,WS,602,Germany
DE,YT,585,Germany
DE,ZA,949,Germany
DE,ZM,903,Germany
DE,ZW,2674,Germany
ES,AE,3543,Spain
ES,AF,575,Spain
ES,AG,4581,Spain
ES,AL,3427,Spain
ES,AM,3258,Spain
ES,AO,1464,Spain
ES,AR,15275,Spain
ES,AT,8224,Spain
ES,AU,3120,Spain
ES,AW,17563,Spain
ES,AZ,678,Spain
ES,BA,1930,Spain
ES,BB,1691,Spain
ES,BD,573,Spain
ES,BE,13070,Spain
ES,BF,1614,Spain
ES,BG,18496,Spain
ES,BH,2133,Spain
ES,BI,679,Spain
ES,BJ,3507,Spain
ES,BN,718,Spain
ES,BO,18104,Spain
ES,BR,2739,Spain
ES,BS,1807,Spain
ES,BT,431,Spain
ES,BW,475,Spain
ES,BY,3142,Spain
ES,BZ,2273,Spain
ES,CA,2699,Spain
ES,CD,680,Spain
ES,CF,2274,Spain
ES,CG,2094,Spain
ES,CH,21241,Spain
ES,CI,2903,Spain
ES,CL,10860,Spain
ES,CM,2381,Spain
ES,CO,19287,Spain
ES,CR,10806,Spain
ES,CV,26514,Spain
ES,CW,10739,Spain
ES,CY,6566,Spain
ES,CZ,3314,Spain
ES,DE,8660,Spain
ES,DJ,686,Spain
ES,DK,6653,Spain
ES,DO,42862,Spain
ES,DZ,2336,Spain
ES,EC,26563,Spain
ES,EE,5503,Spain
ES,EG,677,Spain
ES,ES,1074854,Spain
ES,ET,383,Spain
ES,FI,5678,Spain
ES,FJ,356,Spain
ES,FM,210,Spain
ES,FR,9049,Spain
ES,GA,3240,Spain
ES,GB,11360,Spain
ES,GD,1482,Spain
ES,GE,6990,Spain
ES,GF,4583,Spain
ES,GH,3382,Spain
ES,GM,25999,Spain
ES,GN,10533,Spain
ES,GP,4059,Spain
ES,GQ,101754,Spain
ES,GR,5828,Spain
ES,GT,3852,Spain
ES,GU,1570,Spain
ES,GW,22652,Spain
ES,GY,983,Spain
ES,HK,1533,Spain
ES,HN,46408,Spain
ES,HR,3137,Spain
ES,HT,1118,Spain
ES,HU,3830,Spain
ES,ID,269,Spain
ES,IE,14848,Spain
ES,IM,9362,Spain
ES,IN,229,Spain
ES,IS,15971,Spain
ES,IT,15696,Spain
ES,JE,11059,Spain
ES,JM,1496,Spain
ES,JO,967,Spain
ES,JP,1166,Spain
ES,KE,716,Spain
ES,KG,457,Spain
ES,KH,136,Spain
ES,KI,414,Spain
ES,KM,245,Spain
ES,KR,777,Spain
ES,KW,1473,Spain
ES,KY,9990,Spain
ES,KZ,658,Spain
ES,LA,133,Spain
ES,LB,2454,Spain
ES,LC,1505,Spain
ES,LK,468,Spain
ES,LR,2469,Spain
ES,LS,173,Spain
ES,LT,6079,Spain
ES,LU,18985,Spain
ES,LV,5078,Spain
ES,LY,855,Spain
ES,MA,21606,Spain
ES,MD,9941,Spain
ES,ME,4011,Spain
ES,MG,666,Spain
ES,MK,2780,Spain
ES,ML,9400,Spain
ES,MM,86,Spain
ES,MN,554,Spain
ES,MO,1647,Spain
ES,MQ,2984,Spain
ES,MR,9286,Spain
ES,MT,18333,Spain
ES,MU,1314,Spain
ES,MV,2107,Spain
ES,MW,221,Spain
ES,MX,3400,Spain
ES,MY,425,Spain
ES,MZ,891,Spain
ES,NC,2100,Spain
ES,NE,1062,Spain
ES,NG,1179,Spain
ES,NI,34339,Spain
ES,NL,10020,Spain
ES,NO,7739,Spain
ES,NP,751,Spain
ES,NZ,2615,Spain
ES,OM,1648,Spain
ES,PA,11635,Spain
ES,PE,12016,Spain
ES,PF,2588,Spain
ES,PG,189,Spain
ES,PH,1337,Spain
ES,PK,2194,Spain
ES,PL,3114,Spain
ES,PR,6498,Spain
ES,PT,26441,Spain
ES,PY,60647,Spain
ES,QA,2316,Spain
ES,RE,2245,Spain
ES,RO,44581,Spain
ES,RS,3600,Spain
ES,RW,528,Spain
ES,SA,1241,Spain
ES,SB,182,Spain
ES,SC,2728,Spain
ES,SE,6800,Spain
ES,SG,1623,Spain
ES,SI,5230,Spain
ES,SK,3049,Spain
ES,SL,3585,Spain
ES,SN,25493,Spain
ES,SR,1742,Spain
ES,ST,4447,Spain
ES,SV,8979,Spain
ES,SZ,365,Spain
ES,TD,768,Spain
ES,TG,1560,Spain
ES,TH,310,Spain
ES,TJ,417,Spain
ES,TL,519,Spain
ES,TN,1900,Spain
ES,TO,440,Spain
ES,TR,906,Spain
ES,TT,2183,Spain
ES,TW,591,Spain
ES,TZ,618,Spain
ES,UA,3689,Spain
ES,UG,978,Spain
ES,US,3316,Spain
ES,UY,24986,Spain
ES,UZ,428,Spain
ES,VC,932,Spain
ES,VN,206,Spain
ES,VU,297,Spain
ES,WS,330,Spain
ES,YT,892,Spain
ES,ZA,505,Spain
ES,ZM,453,Spain
ES,ZW,457,Spain
FR,AE,4320,France
FR,AF,8733,France
FR,AG,3535,France
FR,AL,9331,France
FR,AM,7055,France
FR,AO,6062,France
FR,AR,1320,France
FR,AT,6431,France
FR,AU,3684,France
FR,AW,2509,France
FR,AZ,1041,France
FR,BA,4417,France
FR,BB,1771,France
FR,BD,1503,France
FR,BE,40013,France
FR,BF,10151,France
FR,BG,6536,France
FR,BH,2432,France
FR,BI,4887,France
FR,BJ,12869,France
FR,BN,726,France
FR,BO,677,France
FR,BR,1152,France
FR,BS,1753,France
FR,BT,744,France
FR,BW,574,France
FR,BY,2086,France
FR,BZ,694,France
FR,CA,7921,France
FR,CD,12006,France
FR,CF,85406,France
FR,CG,55871,France
FR,CH,41110,France
FR,CI,28178,France
FR,CL,1493,France
FR,CM,20212,France
FR,CO,1228,France
FR,CR,1369,France
FR,CV,117084,France
FR,CW,2560,France
FR,CY,5105,France
FR,CZ,2663,France
FR,DE,7098,France
FR,DJ,19252,France
FR,DK,3961,France
FR,DO,1951,France
FR,DZ,11330,France
FR,EC,906,France
FR,EE,3056,France
FR,EG,1126,France
FR,ES,9049,France
FR,ET,1399,France
FR,FI,3160,France
FR,FJ,1478,France
FR,FM,146,France
FR,FR,550941,France
FR,GA,53920,France
FR,GB,6233,France
FR,GD,1880,France
FR,GE,5737,France
FR,GF,243116,France
FR,GH,1676,France
FR,GM,10984,France
FR,GN,56546,France
FR,GP,277144,France
FR,GQ,12988,France
FR,GR,5798,France
FR,GT,330,France
FR,GU,760,France
FR,GW,25892,France
FR,GY,1578,France
FR,HK,2064,France
FR,HN,362,France
FR,HR,3026,France
FR,HT,9416,France
FR,HU,2669,France
FR,ID,219,France
FR,IE,6897,France
FR,IM,3735,France
FR,IN,213,France
FR,IS,6173,France
FR,IT,9863,France
FR,JE,11633,France
FR,JM,2001,France
FR,JO,909,France
FR,JP,1436,France
FR,KE,959,France
FR,KG,487,France
FR,KH,1549,France
FR,KI,235,France
FR,KM,122528,France
FR,KR,915,France
FR,KW,1814,France
FR,KY,3479,France
FR,KZ,540,France
FR,LA,1454,France
FR,LB,11914,France
FR,LC,7444,France
FR,LK,3556,France
FR,LR,4524,France
FR,LS,236,France
FR,LT,2465,France
FR,LU,91265,France
FR,LV,2817,France
FR,LY,1783,France
FR,MA,12599,France
FR,MD,21415,France
FR,ME,6710,France
FR,MG,19055,France
FR,MK,5184,France
FR,ML,28960,France
FR,MM,102,France
FR,MN,1631,France
FR,MO,1457,France
FR,MQ,272857,France
FR,MR,15688,France
FR,MT,12798,France
FR,MU,26697,France
FR,MV,1826,France
FR,MW,290,France
FR,MX,652,France
FR,MY,498,France
FR,MZ,972,France
FR,NC,131380,France
FR,NE,10314,France
FR,NG,1002,France
FR,NI,446,France
FR,NL,6873,France
FR,NO,3943,France
FR,NP,551,France
FR,NZ,3676,France
FR,OM,1984,France
FR,PA,989,France
FR,PE,856,France
FR,PF,116321,France
FR,PG,211,France
FR,PH,576,France
FR,PK,1341,France
FR,PL,2600,France
FR,PR,714,France
FR,PT,42322,France
FR,PY,1168,France
FR,QA,3871,France
FR,RE,165487,France
FR,RO,14300,France
FR,RS,7603,France
FR,RW,3358,France
FR,SA,1602,France
FR,SB,330,France
FR,SC,11660,France
FR,SE,4514,France
FR,SG,2656,France
FR,SI,3893,France
FR,SK,2162,France
FR,SL,7183,France
FR,SN,41499,France
FR,SR,23074,France
FR,ST,15427,France
FR,SV,443,France
FR,SZ,483,France
FR,TD,24498,France
FR,TG,18655,France
FR,TH,604,France
FR,TJ,586,France
FR,TL,259,France
FR,TN,33461,France
FR,TO,2381,France
FR,TR,2940,France
FR,TT,1103,France
FR,TW,726,France
FR,TZ,867,France
FR,UA,1791,France
FR,UG,2252,France
FR,US,1791,France
FR,UY,1506,France
FR,UZ,413,France
FR,VC,1663,France
FR,VN,516,France
FR,VU,2805,France
FR,WS,537,France
FR,YT,304984,France
FR,ZA,706,France
FR,ZM,637,France
FR,ZW,548,France
GB,AE,13775,United kingdom
GB,AF,6017,United kingdom
GB,AG,40165,United kingdom
GB,AL,24637,United kingdom
GB,AM,1011,United kingdom
GB,AO,3015,United kingdom
GB,AR,889,United kingdom
GB,AT,9074,United kingdom
GB,AU,27247,United kingdom
GB,AW,4666,United kingdom
GB,AZ,1038,United kingdom
GB,BA,2130,United kingdom
GB,BB,34305,United kingdom
GB,BD,2480,United kingdom
GB,BE,8675,United kingdom
GB,BF,515,United kingdom
GB,BG,36384,United kingdom
GB,BH,8217,United kingdom
GB,BI,1662,United kingdom
GB,BJ,874,United kingdom
GB,BN,7288,United kingdom
GB,BO,670,United kingdom
GB,BR,1540,United kingdom
GB,BS,7975,United kingdom
GB,BT,841,United kingdom
GB,BW,5369,United kingdom
GB,BY,2026,United kingdom
GB,BZ,3552,United kingdom
GB,CA,10675,United kingdom
GB,CD,2007,United kingdom
GB,CF,1175,United kingdom
GB,CG,1880,United kingdom
GB,CH,15031,United kingdom
GB,CI,1427,United kingdom
GB,CL,902,United kingdom
GB,CM,2716,United kingdom
GB,CO,820,United kingdom
GB,CR,1199,United kingdom
GB,CV,13591,United kingdom
GB,CW,4654,United kingdom
GB,CY,55685,United kingdom
GB,CZ,7859,United kingdom
GB,DE,8767,United kingdom
GB,DJ,5943,United kingdom
GB,DK,10440,United kingdom
GB,DO,1666,United kingdom
GB,DZ,706,United kingdom
GB,EC,1008,United kingdom
GB,EE,9518,United kingdom
GB,EG,1150,United kingdom
GB,ES,11360,United kingdom
GB,ET,4307,United kingdom
GB,FI,6821,United kingdom
GB,FJ,13387,United kingdom
GB,FM,455,United kingdom
GB,FR,6233,United kingdom
GB,GA,1144,United kingdom
GB,GB,771894,United kingdom
GB,GD,63726,United kingdom
GB,GE,2017,United kingdom
GB,GF,1754,United kingdom
GB,GH,11744,United kingdom
GB,GM,31937,United kingdom
GB,GN,2266,United kingdom
GB,GP,3290,United kingdom
GB,GQ,5035,United kingdom
GB,GR,20355,United kingdom
GB,GT,294,United kingdom
GB,GU,3027,United kingdom
GB,GW,20253,United kingdom
GB,GY,7247,United kingdom
GB,HK,13491,United kingdom
GB,HN,798,United kingdom
GB,HR,4944,United kingdom
GB,HT,476,United kingdom
GB,HU,16668,United kingdom
GB,ID,327,United kingdom
GB,IE,92677,United kingdom
GB,IM,226471,United kingdom
GB,IN,1484,United kingdom
GB,IS,20674,United kingdom
GB,IT,11968,United kingdom
GB,JE,210861,United kingdom
GB,JM,29435,United kingdom
GB,JO,1847,United kingdom
GB,JP,1713,United kingdom
GB,KE,3493,United kingdom
GB,KG,558,United kingdom
GB,KH,328,United kingdom
GB,KI,661,United kingdom
GB,KM,318,United kingdom
GB,KR,1212,United kingdom
GB,KW,4499,United kingdom
GB,KY,76300,United kingdom
GB,KZ,717,United kingdom
GB,LA,333,United kingdom
GB,LB,4632,United kingdom
GB,LC,48761,United kingdom
GB,LK,6395,United kingdom
GB,LR,3660,United kingdom
GB,LS,630,United kingdom
GB,LT,43236,United kingdom
GB,LU,18602,United kingdom
GB,LV,39433,United kingdom
GB,LY,2021,United kingdom
GB,MA,1170,United kingdom
GB,MD,24654,United kingdom
GB,ME,4162,United kingdom
GB,MG,385,United kingdom
GB,MK,9020,United kingdom
GB,ML,654,United kingdom
GB,MM,417,United kingdom
GB,MN,838,United kingdom
GB,MO,6327,United kingdom
GB,MQ,2973,United kingdom
GB,MR,609,United kingdom
GB,MT,51182,United kingdom
GB,MU,15599,United kingdom
GB,MV,5147,United kingdom
GB,MW,3787,United kingdom
GB,MX,478,United kingdom
GB,MY,2357,United kingdom
GB,MZ,1175,United kingdom
GB,NC,1211,United kingdom
GB,NE,718,United kingdom
GB,NG,6997,United kingdom
GB,NI,415,United kingdom
GB,NL,11637,United kingdom
GB,NO,12832,United kingdom
GB,NP,3970,United kingdom
GB,NZ,32750,United kingdom
GB,OM,4913,United kingdom
GB,PA,955,United kingdom
GB,PE,503,United kingdom
GB,PF,1381,United kingdom
GB,PG,612,United kingdom
GB,PH,2213,United kingdom
GB,PK,4639,United kingdom
GB,PL,22410,United kingdom
GB,PR,958,United kingdom
GB,PT,26369,United kingdom
GB,PY,600,United kingdom
GB,QA,8643,United kingdom
GB,RE,1461,United kingdom
GB,RO,57742,United kingdom
GB,RS,3884,United kingdom
GB,RW,1692,United kingdom
GB,SA,3190,United kingdom
GB,SB,939,United kingdom
GB,SC,21871,United kingdom
GB,SE,10874,United kingdom
GB,SG,9981,United kingdom
GB,SI,5701,United kingdom
GB,SK,16014,United kingdom
GB,SL,17504,United kingdom
GB,SN,2174,United kingdom
GB,SR,1468,United kingdom
GB,ST,38086,United kingdom
GB,SV,705,United kingdom
GB,SZ,2413,United kingdom
GB,TD,2008,United kingdom
GB,TG,1274,United kingdom
GB,TH,1185,United kingdom
GB,TJ,776,United kingdom
GB,TL,51363,United kingdom
GB,TN,1659,United kingdom
GB,TO,3469,United kingdom
GB,TR,2633,United kingdom
GB,TT,12103,United kingdom
GB,TW,1044,United kingdom
GB,TZ,2055,United kingdom
GB,UA,1917,United kingdom
GB,UG,7174,United kingdom
GB,US,5261,United kingdom
GB,UY,1013,United kingdom
GB,UZ,623,United kingdom
GB,VC,60782,United kingdom
GB,VN,521,United kingdom
GB,VU,1012,United kingdom
GB,WS,1098,United kingdom
GB,YT,575,United kingdom
GB,ZA,4054,United kingdom
GB,ZM,3109,United kingdom
GB,ZW,20517,United kingdom
IN,AE,36329,India
IN,AF,2354,India
IN,AG,522,India
IN,AL,182,India
IN,AM,288,India
IN,AO,807,India
IN,AR,144,India
IN,AT,312,India
IN,AU,2661,India
IN,AW,389,India
IN,AZ,228,India
IN,BA,121,India
IN,BB,370,India
IN,BD,6802,India
IN,BE,312,India
IN,BF,872,India
IN,BG,159,India
IN,BH,28915,India
IN,BI,1090,India
IN,BJ,1791,India
IN,BN,3646,India
IN,BO,191,India
IN,BR,221,India
IN,BS,320,India
IN,BT,8470,India
IN,BW,869,India
IN,BY,320,India
IN,BZ,546,India
IN,CA,3276,India
IN,CD,1128,India
IN,CF,698,India
IN,CG,809,India
IN,CH,574,India
IN,CI,984,India
IN,CL,95,India
IN,CM,687,India
IN,CO,208,India
IN,CR,234,India
IN,CV,185,India
IN,CW,502,India
IN,CY,2168,India
IN,CZ,174,India
IN,DE,556,India
IN,DJ,1032,India
IN,DK,320,India
IN,DO,376,India
IN,DZ,273,India
IN,EC,197,India
IN,EE,244,India
IN,EG,340,India
IN,ES,229,India
IN,ET,770,India
IN,FI,275,India
IN,FJ,1444,India
IN,FM,410,India
IN,FR,213,India
IN,GA,678,India
IN,GB,1484,India
IN,GD,554,India
IN,GE,350,India
IN,GF,229,India
IN,GH,2201,India
IN,GM,1168,India
IN,GN,826,India
IN,GP,127,India
IN,GQ,968,India
IN,GR,335,India
IN,GT,189,India
IN,GU,240,India
IN,GW,588,India
IN,GY,1157,India
IN,HK,600,India
IN,HN,352,India
IN,HR,207,India
IN,HT,738,India
IN,HU,167,India
IN,ID,501,India
IN,IE,1835,India
IN,IM,358,India
IN,IN,142229,India
IN,IS,221,India
IN,IT,403,India
IN,JE,520,India
IN,JM,730,India
IN,JO,579,India
IN,JP,248,India
IN,KE,1587,India
IN,KG,288,India
IN,KH,502,India
IN,KI,834,India
IN,KM,416,India
IN,KR,215,India
IN,KW,23810,India
IN,KY,3134,India
IN,KZ,232,India
IN,LA,284,India
IN,LB,415,India
IN,LC,617,India
IN,LK,2734,India
IN,LR,2637,India
IN,LS,572,India
IN,LT,185,India
IN,LU,954,India
IN,LV,403,India
IN,LY,298,India
IN,MA,383,India
IN,MD,142,India
IN,ME,201,India
IN,MG,909,India
IN,MK,171,India
IN,ML,804,India
IN,MM,500,India
IN,MN,206,India
IN,MO,829,India
IN,MQ,94,India
IN,MR,608,India
IN,MT,3329,India
IN,MU,3031,India
IN,MV,9788,India
IN,MW,1053,India
IN,MX,152,India
IN,MY,1830,India
IN,MZ,1044,India
IN,NC,73,India
IN,NE,1009,India
IN,NG,1277,India
IN,NI,392,India
IN,NL,502,India
IN,NO,331,India
IN,NP,13094,India
IN,NZ,3205,India
IN,OM,24910,India
IN,PA,357,India
IN,PE,167,India
IN,PF,81,India
IN,PG,1349,India
IN,PH,1054,India
IN,PK,3922,India
IN,PL,149,India
IN,PR,102,India
IN,PT,615,India
IN,PY,444,India
IN,QA,29335,India
IN,RE,177,India
IN,RO,224,India
IN,RS,194,India
IN,RW,1808,India
IN,SA,13234,India
IN,SB,779,India
IN,SC,9401,India
IN,SE,479,India
IN,SG,7387,India
IN,SI,181,India
IN,SK,133,India
IN,SL,2790,India
IN,SN,515,India
IN,SR,701,India
IN,ST,512,India
IN,SV,181,India
IN,SZ,814,India
IN,TD,739,India
IN,TG,1309,India
IN,TH,231,India
IN,TJ,434,India
IN,TL,635,India
IN,TN,244,India
IN,TO,505,India
IN,TR,208,India
IN,TT,662,India
IN,TW,130,India
IN,TZ,1599,India
IN,UA,280,India
IN,UG,2127,India
IN,US,780,India
IN,UY,164,India
IN,UZ,297,India
IN,VC,366,India
IN,VN,257,India
IN,VU,329,India
IN,WS,409,India
IN,YT,194,India
IN,ZA,417,India
IN,ZM,1437,India
IN,ZW,616,India
JP,AE,3520,Japan
JP,AF,683,Japan
JP,AG,824,Japan
JP,AL,239,Japan
JP,AM,267,Japan
JP,AO,208,Japan
JP,AR,417,Japan
JP,AT,1518,Japan
JP,AU,4713,Japan
JP,AW,867,Japan
JP,AZ,262,Japan
JP,BA,235,Japan
JP,BB,727,Japan
JP,BD,855,Japan
JP,BE,1260,Japan
JP,BF,355,Japan
JP,BG,558,Japan
JP,BH,2459,Japan
JP,BI,206,Japan
JP,BJ,333,Japan
JP,BN,3351,Japan
JP,BO,1017,Japan
JP,BR,1641,Japan
JP,BS,685,Japan
JP,BT,3645,Japan
JP,BW,369,Japan
JP,BY,702,Japan
JP,BZ,403,Japan
JP,CA,2654,Japan
JP,CD,254,Japan
JP,CF,305,Japan
JP,CG,283,Japan
JP,CH,3180,Japan
JP,CI,223,Japan
JP,CL,494,Japan
JP,CM,639,Japan
JP,CO,267,Japan
JP,CR,563,Japan
JP,CV,273,Japan
JP,CW,532,Japan
JP,CY,1921,Japan
JP,CZ,918,Japan
JP,DE,1625,Japan
JP,DJ,494,Japan
JP,DK,1330,Japan
JP,DO,441,Japan
JP,DZ,129,Japan
JP,EC,198,Japan
JP,EE,1116,Japan
JP,EG,204,Japan
JP,ES,1166,Japan
JP,ET,235,Japan
JP,FI,1741,Japan
JP,FJ,2613,Japan
JP,FM,3198,Japan
JP,FR,1436,Japan
JP,GA,259,Japan
JP,GB,1713,Japan
JP,GD,657,Japan
JP,GE,394,Japan
JP,GF,383,Japan
JP,GH,1077,Japan
JP,GM,709,Japan
JP,GN,636,Japan
JP,GP,366,Japan
JP,GQ,357,Japan
JP,GR,719,Japan
JP,GT,152,Japan
JP,GU,19891,Japan
JP,GW,225,Japan
JP,GY,311,Japan
JP,HK,10246,Japan
JP,HN,161,Japan
JP,HR,608,Japan
JP,HT,164,Japan
JP,HU,793,Japan
JP,ID,1933,Japan
JP,IE,1513,Japan
JP,IM,1089,Japan
JP,IN,248,Japan
JP,IS,2033,Japan
JP,IT,1521,Japan
JP,JE,1398,Japan
JP,JM,1999,Japan
JP,JO,290,Japan
JP,JP,605235,Japan
JP,KE,417,Japan
JP,KG,695,Japan
JP,KH,6590,Japan
JP,KI,7008,Japan
JP,KM,109,Japan
JP,KR,8434,Japan
JP,KW,1972,Japan
JP,KY,3916,Japan
JP,KZ,346,Japan
JP,LA,2861,Japan
JP,LB,349,Japan
JP,LC,665,Japan
JP,LK,11183,Japan
JP,LR,559,Japan
JP,LS,178,Japan
JP,LT,618,Japan
JP,LU,2858,Japan
JP,LV,706,Japan
JP,LY,96,Japan
JP,MA,245,Japan
JP,MD,230,Japan
JP,ME,627,Japan
JP,MG,221,Japan
JP,MK,418,Japan
JP,ML,303,Japan
JP,MM,4046,Japan
JP,MN,13232,Japan
JP,MO,8758,Japan
JP,MQ,450,Japan
JP,MR,200,Japan
JP,MT,3301,Japan
JP,MU,589,Japan
JP,MV,3044,Japan
JP,MW,401,Japan
JP,MX,313,Japan
JP,MY,2566,Japan
JP,MZ,243,Japan
JP,NC,1221,Japan
JP,NE,229,Japan
JP,NG,406,Japan
JP,NI,169,Japan
JP,NL,1398,Japan
JP,NO,1298,Japan
JP,NP,15459,Japan
JP,NZ,5514,Japan
JP,OM,1245,Japan
JP,PA,401,Japan
JP,PE,1259,Japan
JP,PF,2163,Japan
JP,PG,455,Japan
JP,PH,6991,Japan
JP,PK,608,Japan
JP,PL,431,Japan
JP,PR,753,Japan
JP,PT,1181,Japan
JP,PY,1207,Japan
JP,QA,4034,Japan
JP,RE,410,Japan
JP,RO,521,Japan
JP,RS,572,Japan
JP,RW,422,Japan
JP,SA,1257,Japan
JP,SB,1163,Japan
JP,SC,1930,Japan
JP,SE,1445,Japan
JP,SG,10292,Japan
JP,SI,872,Japan
JP,SK,528,Japan
JP,SL,547,Japan
JP,SN,887,Japan
JP,SR,306,Japan
JP,ST,275,Japan
JP,SV,202,Japan
JP,SZ,191,Japan
JP,TD,111,Japan
JP,TG,411,Japan
JP,TH,3090,Japan
JP,TJ,514,Japan
JP,TL,1103,Japan
JP,TN,393,Japan
JP,TO,8925,Japan
JP,TR,426,Japan
JP,TT,825,Japan
JP,TW,8957,Japan
JP,TZ,398,Japan
JP,UA,358,Japan
JP,UG,932,Japan
JP,US,2328,Japan
JP,UY,415,Japan
JP,UZ,1016,Japan
JP,VC,417,Japan
JP,VN,17507,Japan
JP,VU,870,Japan
JP,WS,1464,Japan
JP,YT,93,Japan
JP,ZA,160,Japan
JP,ZM,308,Japan
JP,ZW,440,Japan
KR,AE,3160,"Korea, republic of"
KR,AF,572,"Korea, republic of"
KR,AG,357,"Korea, republic of"
KR,AL,312,"Korea, republic of"
KR,AM,312,"Korea, republic of"
KR,AO,242,"Korea, republic of"
KR,AR,343,"Korea, republic of"
KR,AT,1145,"Korea, republic of"
KR,AU,4343,"Korea, republic of"
KR,AW,353,"Korea, republic of"
KR,AZ,425,"Korea, republic of"
KR,BA,162,"Korea, republic of"
KR,BB,332,"Korea, republic of"
KR,BD,1444,"Korea, republic of"
KR,BE,749,"Korea, republic of"
KR,BF,252,"Korea, republic of"
KR,BG,511,"Korea, republic of"
KR,BH,2660,"Korea, republic of"
KR,BI,693,"Korea, republic of"
KR,BJ,337,"Korea, republic of"
KR,BN,3119,"Korea, republic of"
KR,BO,430,"Korea, republic of"
KR,BR,262,"Korea, republic of"
KR,BS,636,"Korea, republic of"
KR,BT,1732,"Korea, republic of"
KR,BW,292,"Korea, republic of"
KR,BY,812,"Korea, republic of"
KR,BZ,317,"Korea, republic of"
KR,CA,3676,"Korea, republic of"
KR,CD,265,"Korea, republic of"
KR,CF,511,"Korea, republic of"
KR,CG,361,"Korea, republic of"
KR,CH,1968,"Korea, republic of"
KR,CI,278,"Korea, republic of"
KR,CL,369,"Korea, republic of"
KR,CM,737,"Korea, republic of"
KR,CO,288,"Korea, republic of"
KR,CR,466,"Korea, republic of"
KR,CV,355,"Korea, republic of"
KR,CW,315,"Korea, republic of"
KR,CY,2013,"Korea, republic of"
KR,CZ,836,"Korea, republic of"
KR,DE,1576,"Korea, republic of"
KR,DJ,295,"Korea, republic of"
KR,DK,881,"Korea, republic of"
KR,DO,263,"Korea, republic of"
KR,DZ,294,"Korea, republic of"
KR,EC,301,"Korea, republic of"
KR,EE,688,"Korea, republic of"
KR,EG,439,"Korea, republic of"
KR,ES,777,"Korea, republic of"
KR,ET,636,"Korea, republic of"
KR,FI,993,"Korea, republic of"
KR,FJ,1743,"Korea, republic of"
KR,FM,1504,"Korea, republic of"
KR,FR,915,"Korea, republic of"
KR,GA,762,"Korea, republic of"
KR,GB,1212,"Korea, republic of"
KR,GD,520,"Korea, republic of"
KR,GE,406,"Korea, republic of"
KR,GF,248,"Korea, republic of"
KR,GH,1290,"Korea, republic of"
KR,GM,1500,"Korea, republic of"
KR,GN,916,"Korea, republic of"
KR,GP,303,"Korea, republic of"
KR,GQ,798,"Korea, republic of"
KR,GR,616,"Korea, republic of"
KR,GT,267,"Korea, republic of"
KR,GU,13550,"Korea, republic of"
KR,GW,183,"Korea, republic of"
KR,GY,370,"Korea, republic of"
KR,HK,7227,"Korea, republic of"
KR,HN,223,"Korea, republic of"
KR,HR,508,"Korea, republic of"
KR,HT,229,"Korea, republic of"
KR,HU,785,"Korea, republic of"
KR,ID,1628,"Korea, republic of"
KR,IE,1239,"Korea, republic of"
KR,IM,744,"Korea, republic of"
KR,IN,215,"Korea, republic of"
KR,IS,1279,"Korea, republic of"
KR,IT,896,"Korea, republic of"
KR,JE,598,"Korea, republic of"
KR,JM,575,"Korea, republic of"
KR,JO,518,"Korea, republic of"
KR,JP,8434,"Korea, republic of"
KR,KE,429,"Korea, republic of"
KR,KG,4559,"Korea, republic of"
KR,KH,23210,"Korea, republic of"
KR,KI,1938,"Korea, republic of"
KR,KM,76,"Korea, republic of"
KR,KR,1758296,"Korea, republic of"
KR,KW,1911,"Korea, republic of"
KR,KY,1903,"Korea, republic of"
KR,KZ,3599,"Korea, republic of"
KR,LA,5113,"Korea, republic of"
KR,LB,512,"Korea, republic of"
KR,LC,425,"Korea, republic of"
KR,LK,14911,"Korea, republic of"
KR,LR,4150,"Korea, republic of"
KR,LS,147,"Korea, republic of"
KR,LT,503,"Korea, republic of"
KR,LU,1247,"Korea, republic of"
KR,LV,612,"Korea, republic of"
KR,LY,513,"Korea, republic of"
KR,MA,662,"Korea, republic of"
KR,MD,316,"Korea, republic of"
KR,ME,449,"Korea, republic of"
KR,MG,273,"Korea, republic of"
KR,MK,308,"Korea, republic of"
KR,ML,529,"Korea, republic of"
KR,MM,4279,"Korea, republic of"
KR,MN,50716,"Korea, republic of"
KR,MO,7041,"Korea, republic of"
KR,MQ,212,"Korea, republic of"
KR,MR,232,"Korea, republic of"
KR,MT,2130,"Korea, republic of"
KR,MU,509,"Korea, republic of"
KR,MV,2287,"Korea, republic of"
KR,MW,269,"Korea, republic of"
KR,MX,321,"Korea, republic of"
KR,MY,3422,"Korea, republic of"
KR,MZ,200,"Korea, republic of"
KR,NC,465,"Korea, republic of"
KR,NE,217,"Korea, republic of"
KR,NG,623,"Korea, republic of"
KR,NI,267,"Korea, republic of"
KR,NL,1075,"Korea, republic of"
KR,NO,1018,"Korea, republic of"
KR,NP,11842,"Korea, republic of"
KR,NZ,5652,"Korea, republic of"
KR,OM,1460,"Korea, republic of"
KR,PA,456,"Korea, republic of"
KR,PE,425,"Korea, republic of"
KR,PF,605,"Korea, republic of"
KR,PG,318,"Korea, republic of"
KR,PH,4125,"Korea, republic of"
KR,PK,941,"Korea, republic of"
KR,PL,408,"Korea, republic of"
KR,PR,995,"Korea, republic of"
KR,PT,724,"Korea, republic of"
KR,PY,690,"Korea, republic of"
KR,QA,3348,"Korea, republic of"
KR,RE,247,"Korea, republic of"
KR,RO,423,"Korea, republic of"
KR,RS,439,"Korea, republic of"
KR,RW,1010,"Korea, republic of"
KR,SA,1257,"Korea, republic of"
KR,SB,510,"Korea, republic of"
KR,SC,1447,"Korea, republic of"
KR,SE,1041,"Korea, republic of"
KR,SG,8800,"Korea, republic of"
KR,SI,618,"Korea, republic of"
KR,SK,521,"Korea, republic of"
KR,SL,1153,"Korea, republic of"
KR,SN,624,"Korea, republic of"
KR,SR,650,"Korea, republic of"
KR,ST,252,"Korea, republic of"
KR,SV,239,"Korea, republic of"
KR,SZ,366,"Korea, republic of"
KR,TD,169,"Korea, republic of"
KR,TG,694,"Korea, republic of"
KR,TH,13850,"Korea, republic of"
KR,TJ,2132,"Korea, republic of"
KR,TL,46261,"Korea, republic of"
KR,TN,582,"Korea, republic of"
KR,TO,531,"Korea, republic of"
KR,TR,441,"Korea, republic of"
KR,TT,409,"Korea, republic of"
KR,TW,5740,"Korea, republic of"
KR,TZ,484,"Korea, republic of"
KR,UA,516,"Korea, republic of"
KR,UG,992,"Korea, republic of"
KR,US,2439,"Korea, republic of"
KR,UY,330,"Korea, republic of"
KR,UZ,12121,"Korea, republic of"
KR,VC,233,"Korea, republic of"
KR,VN,11846,"Korea, republic of"
KR,VU,701,"Korea, republic of"
KR,WS,421,"Korea, republic of"
KR,YT,102,"Korea, republic of"
KR,ZA,346,"Korea, republic of"
KR,ZM,301,"Korea, republic of"
KR,ZW,351,"Korea, republic of"
NG,AE,22605,Nigeria
NG,AF,1608,Nigeria
NG,AG,7632,Nigeria
NG,AL,967,Nigeria
NG,AM,447,Nigeria
NG,AO,6228,Nigeria
NG,AR,612,Nigeria
NG,AT,1853,Nigeria
NG,AU,1399,Nigeria
NG,AW,1354,Nigeria
NG,AZ,1865,Nigeria
NG,BA,577,Nigeria
NG,BB,5004,Nigeria
NG,BD,1391,Nigeria
NG,BE,1185,Nigeria
NG,BF,11170,Nigeria
NG,BG,674,Nigeria
NG,BH,2685,Nigeria
NG,BI,11193,Nigeria
NG,BJ,63175,Nigeria
NG,BN,1228,Nigeria
NG,BO,408,Nigeria
NG,BR,1039,Nigeria
NG,BS,5634,Nigeria
NG,BT,1179,Nigeria
NG,BW,13973,Nigeria
NG,BY,1369,Nigeria
NG,BZ,2878,Nigeria
NG,CA,4568,Nigeria
NG,CD,8918,Nigeria
NG,CF,12404,Nigeria
NG,CG,10828,Nigeria
NG,CH,1558,Nigeria
NG,CI,13641,Nigeria
NG,CL,350,Nigeria
NG,CM,25289,Nigeria
NG,CO,705,Nigeria
NG,CR,959,Nigeria
NG,CV,3787,Nigeria
NG,CW,2090,Nigeria
NG,CY,35560,Nigeria
NG,CZ,424,Nigeria
NG,DE,2269,Nigeria
NG,DJ,2458,Nigeria
NG,DK,644,Nigeria
NG,DO,2441,Nigeria
NG,DZ,1383,Nigeria
NG,EC,566,Nigeria
NG,EE,2306,Nigeria
NG,EG,2611,Nigeria
NG,ES,1179,Nigeria
NG,ET,3195,Nigeria
NG,FI,1327,Nigeria
NG,FJ,2499,Nigeria
NG,FM,3589,Nigeria
NG,FR,1002,Nigeria
NG,GA,15336,Nigeria
NG,GB,6997,Nigeria
NG,GD,10238,Nigeria
NG,GE,943,Nigeria
NG,GF,2542,Nigeria
NG,GH,44997,Nigeria
NG,GM,27624,Nigeria
NG,GN,8002,Nigeria
NG,GP,1127,Nigeria
NG,GQ,48560,Nigeria
NG,GR,975,Nigeria
NG,GT,454,Nigeria
NG,GU,1741,Nigeria
NG,GW,5703,Nigeria
NG,GY,6940,Nigeria
NG,HK,846,Nigeria
NG,HN,861,Nigeria
NG,HR,522,Nigeria
NG,HT,5061,Nigeria
NG,HU,632,Nigeria
NG,ID,637,Nigeria
NG,IE,6559,Nigeria
NG,IM,1355,Nigeria
NG,IN,1277,Nigeria
NG,IS,1082,Nigeria
NG,IT,3427,Nigeria
NG,JE,1575,Nigeria
NG,JM,10698,Nigeria
NG,JO,1339,Nigeria
NG,JP,406,Nigeria
NG,KE,30748,Nigeria
NG,KG,733,Nigeria
NG,KH,1231,Nigeria
NG,KI,1629,Nigeria
NG,KM,2181,Nigeria
NG,KR,623,Nigeria
NG,KW,2371,Nigeria
NG,KY,5017,Nigeria
NG,KZ,857,Nigeria
NG,LA,1917,Nigeria
NG,LB,4173,Nigeria
NG,LC,7218,Nigeria
NG,LK,2284,Nigeria
NG,LR,60172,Nigeria
NG,LS,8277,Nigeria
NG,LT,773,Nigeria
NG,LU,1732,Nigeria
NG,LV,719,Nigeria
NG,LY,11741,Nigeria
NG,MA,2107,Nigeria
NG,MD,467,Nigeria
NG,ME,856,Nigeria
NG,MG,3055,Nigeria
NG,MK,854,Nigeria
NG,ML,12105,Nigeria
NG,MM,314,Nigeria
NG,MN,527,Nigeria
NG,MO,639,Nigeria
NG,MQ,855,Nigeria
NG,MR,5033,Nigeria
NG,MT,8085,Nigeria
NG,MU,2779,Nigeria
NG,MV,2052,Nigeria
NG,MW,15270,Nigeria
NG,MX,490,Nigeria
NG,MY,1687,Nigeria
NG,MZ,9964,Nigeria
NG,NC,186,Nigeria
NG,NE,82493,Nigeria
NG,NG,1623364,Nigeria
NG,NI,969,Nigeria
NG,NL,1363,Nigeria
NG,NO,772,Nigeria
NG,NP,815,Nigeria
NG,NZ,968,Nigeria
NG,OM,7656,Nigeria
NG,PA,784,Nigeria
NG,PE,385,Nigeria
NG,PF,207,Nigeria
NG,PG,6783,Nigeria
NG,PH,1781,Nigeria
NG,PK,2611,Nigeria
NG,PL,443,Nigeria
NG,PR,768,Nigeria
NG,PT,769,Nigeria
NG,PY,1146,Nigeria
NG,QA,6182,Nigeria
NG,RE,484,Nigeria
NG,RO,1084,Nigeria
NG,RS,788,Nigeria
NG,RW,16405,Nigeria
NG,SA,4387,Nigeria
NG,SB,3214,Nigeria
NG,SC,8251,Nigeria
NG,SE,1367,Nigeria
NG,SG,669,Nigeria
NG,SI,538,Nigeria
NG,SK,398,Nigeria
NG,SL,38502,Nigeria
NG,SN,9097,Nigeria
NG,SR,3899,Nigeria
NG,ST,9250,Nigeria
NG,SV,585,Nigeria
NG,SZ,12809,Nigeria
NG,TD,20529,Nigeria
NG,TG,52402,Nigeria
NG,TH,638,Nigeria
NG,TJ,1562,Nigeria
NG,TL,690,Nigeria
NG,TN,1580,Nigeria
NG,TO,4798,Nigeria
NG,TR,1726,Nigeria
NG,TT,5104,Nigeria
NG,TW,409,Nigeria
NG,TZ,23992,Nigeria
NG,UA,1398,Nigeria
NG,UG,22188,Nigeria
NG,US,3573,Nigeria
NG,UY,712,Nigeria
NG,UZ,1044,Nigeria
NG,VC,11904,Nigeria
NG,VN,490,Nigeria
NG,VU,1679,Nigeria
NG,WS,3327,Nigeria
NG,YT,1416,Nigeria
NG,ZA,8589,Nigeria
NG,ZM,22263,Nigeria
NG,ZW,7940,Nigeria
US,AE,3616,United states
US,AF,2308,United states
US,AG,56333,United states
US,AL,4589,United states
US,AM,3644,United states
US,AO,941,United states
US,AR,1488,United states
US,AT,2710,United states
US,AU,6142,United states
US,AW,13231,United states
US,AZ,620,United states
US,BA,3339,United states
US,BB,23977,United states
US,BD,754,United states
US,BE,2243,United states
US,BF,1800,United states
US,BG,2101,United states
US,BH,3445,United states
US,BI,2921,United states
US,BJ,1208,United states
US,BN,1224,United states
US,BO,1617,United states
US,BR,1511,United states
US,BS,49044,United states
US,BT,2513,United states
US,BW,1296,United states
US,BY,1454,United states
US,BZ,27538,United states
US,CA,10448,United states
US,CD,1805,United states
US,CF,2044,United states
US,CG,1711,United states
US,CH,4693,United states
US,CI,1273,United states
US,CL,2311,United states
US,CM,3308,United states
US,CO,3629,United states
US,CR,7802,United states
US,CV,30562,United states
US,CW,8528,United states
US,CY,3522,United states
US,CZ,1278,United states
US,DE,3230,United states
US,DJ,4140,United states
US,DK,2982,United states
US,DO,30940,United states
US,DZ,406,United states
US,EC,6536,United states
US,EE,1818,United states
US,EG,832,United states
US,ES,3316,United states
US,ET,3939,United states
US,FI,2147,United states
US,FJ,5227,United states
US,FM,84128,United states
US,FR,1791,United states
US,GA,1693,United states
US,GB,5261,United states
US,GD,46366,United states
US,GE,1871,United states
US,GF,7401,United states
US,GH,5357,United states
US,GM,11569,United states
US,GN,3058,United states
US,GP,4467,United states
US,GQ,3405,United states
US,GR,3180,United states
US,GT,20582,United states
US,GU,75896,United states
US,GW,1122,United states
US,GY,35645,United states
US,HK,3248,United states
US,HN,35318,United states
US,HR,1992,United states
US,HT,24020,United states
US,HU,1472,United states
US,ID,324,United states
US,IE,6761,United states
US,IM,3923,United states
US,IN,780,United states
US,IS,7023,United states
US,IT,2619,United states
US,JE,3750,United states
US,JM,57876,United states
US,JO,2459,United states
US,JP,2328,United states
US,KE,3077,United states
US,KG,705,United states
US,KH,1231,United states
US,KI,2625,United states
US,KM,291,United states
US,KR,2439,United states
US,KW,2294,United states
US,KY,44214,United states
US,KZ,523,United states
US,LA,2475,United states
US,LB,3804,United states
US,LC,32111,United states
US,LK,1032,United states
US,LR,22674,United states
US,LS,370,United states
US,LT,1520,United states
US,LU,4222,United states
US,LV,1611,United states
US,LY,386,United states
US,MA,886,United states
US,MD,1849,United states
US,ME,6030,United states
US,MG,415,United states
US,MK,4138,United states
US,ML,1368,United states
US,MM,784,United states
US,MN,1590,United states
US,MO,2729,United states
US,MQ,2971,United states
US,MR,1425,United states
US,MT,4258,United states
US,MU,1231,United states
US,MV,1119,United states
US,MW,1216,United states
US,MX,10888,United states
US,MY,827,United states
US,MZ,578,United states
US,NC,708,United states
US,NE,1344,United states
US,NG,3573,United states
US,NI,8907,United states
US,NL,3091,United states
US,NO,3690,United states
US,NP,2423,United states
US,NZ,6192,United states
US,OM,1349,United states
US,PA,5402,United states
US,PE,2260,United states
US,PF,2365,United states
US,PG,848,United states
US,PH,2896,United states
US,PK,890,United states
US,PL,1133,United states
US,PR,83891,United states
US,PT,2969,United states
US,PY,2364,United states
US,QA,3027,United states
US,RE,487,United states
US,RO,1688,United states
US,RS,2540,United states
US,RW,3539,United states
US,SA,1328,United states
US,SB,618,United states
US,SC,2396,United states
US,SE,3449,United states
US,SG,4302,United states
US,SI,2037,United states
US,SK,1043,United states
US,SL,10404,United states
US,SN,2390,United states
US,SR,5340,United states
US,ST,1052,United states
US,SV,25900,United states
US,SZ,1008,United states
US,TD,1067,United states
US,TG,3249,United states
US,TH,710,United states
US,TJ,931,United states
US,TL,474,United states
US,TN,869,United states
US,TO,25754,United states
US,TR,650,United states
US,TT,21300,United states
US,TW,1607,United states
US,TZ,1519,United states
US,UA,1125,United states
US,UG,4860,United states
US,US,212464,United states
US,UY,2455,United states
US,UZ,818,United states
US,VC,26879,United states
US,VN,1064,United states
US,VU,908,United states
US,WS,8651,United states
US,YT,398,United states
US,ZA,1074,United states
US,ZM,1530,United states
US,ZW,1926,United states
ZA,AE,6344,South africa
ZA,AF,574,South africa
ZA,AG,2955,South africa
ZA,AL,331,South africa
ZA,AM,113,South africa
ZA,AO,23587,South africa
ZA,AR,250,South africa
ZA,AT,885,South africa
ZA,AU,4001,South africa
ZA,AW,700,South africa
ZA,AZ,273,South africa
ZA,BA,260,South africa
ZA,BB,1969,South africa
ZA,BD,1757,South africa
ZA,BE,1166,South africa
ZA,BF,5386,South africa
ZA,BG,401,South africa
ZA,BH,3536,South africa
ZA,BI,29976,South africa
ZA,BJ,6164,South africa
ZA,BN,897,South africa
ZA,BO,224,South africa
ZA,BR,286,South africa
ZA,BS,3008,South africa
ZA,BT,361,South africa
ZA,BW,144021,South africa
ZA,BY,365,South africa
ZA,BZ,1258,South africa
ZA,CA,1423,South africa
ZA,CD,22380,South africa
ZA,CF,5660,South africa
ZA,CG,17635,South africa
ZA,CH,1747,South africa
ZA,CI,6300,South africa
ZA,CL,241,South africa
ZA,CM,8068,South africa
ZA,CO,313,South africa
ZA,CR,355,South africa
ZA,CV,2186,South africa
ZA,CW,917,South africa
ZA,CY,4768,South africa
ZA,CZ,290,South africa
ZA,DE,949,South africa
ZA,DJ,4862,South africa
ZA,DK,719,South africa
ZA,DO,1414,South africa
ZA,DZ,739,South africa
ZA,EC,256,South africa
ZA,EE,369,South africa
ZA,EG,567,South africa
ZA,ES,505,South africa
ZA,ET,16352,South africa
ZA,FI,604,South africa
ZA,FJ,1540,South africa
ZA,FM,244,South africa
ZA,FR,706,South africa
ZA,GA,9499,South africa
ZA,GB,4054,South africa
ZA,GD,3762,South africa
ZA,GE,279,South africa
ZA,GF,1783,South africa
ZA,GH,12364,South africa
ZA,GM,5685,South africa
ZA,GN,4983,South africa
ZA,GP,1031,South africa
ZA,GQ,6337,South africa
ZA,GR,924,South africa
ZA,GT,205,South africa
ZA,GU,318,South africa
ZA,GW,6682,South africa
ZA,GY,4019,South africa
ZA,HK,584,South africa
ZA,HN,339,South africa
ZA,HR,463,South africa
ZA,HT,5210,South africa
ZA,HU,329,South africa
ZA,ID,197,South africa
ZA,IE,4376,South africa
ZA,IM,12506,South africa
ZA,IN,417,South africa
ZA,IS,798,South africa
ZA,IT,618,South africa
ZA,JE,10484,South africa
ZA,JM,5052,South africa
ZA,JO,485,South africa
ZA,JP,160,South africa
ZA,KE,12272,South africa
ZA,KG,133,South africa
ZA,KH,168,South africa
ZA,KI,603,South africa
ZA,KM,5142,South africa
ZA,KR,346,South africa
ZA,KW,1855,South africa
ZA,KY,18797,South africa
ZA,KZ,194,South africa
ZA,LA,107,South africa
ZA,LB,3401,South africa
ZA,LC,2902,South africa
ZA,LK,711,South africa
ZA,LR,27445,South africa
ZA,LS,368589,South africa
ZA,LT,233,South africa
ZA,LU,1952,South africa
ZA,LV,249,South africa
ZA,LY,827,South africa
ZA,MA,944,South africa
ZA,MD,117,South africa
ZA,ME,586,South africa
ZA,MG,2711,South africa
ZA,MK,403,South africa
ZA,ML,6621,South africa
ZA,MM,116,South africa
ZA,MN,153,South africa
ZA,MO,373,South africa
ZA,MQ,731,South africa
ZA,MR,3570,South africa
ZA,MT,3203,South africa
ZA,MU,15250,South africa
ZA,MV,2180,South africa
ZA,MW,167548,South africa
ZA,MX,228,South africa
ZA,MY,390,South africa
ZA,MZ,114207,South africa
ZA,NC,241,South africa
ZA,NE,5667,South africa
ZA,NG,8589,South africa
ZA,NI,418,South africa
ZA,NL,2080,South africa
ZA,NO,921,South africa
ZA,NP,309,South africa
ZA,NZ,10165,South africa
ZA,OM,3121,South africa
ZA,PA,502,South africa
ZA,PE,215,South africa
ZA,PF,369,South africa
ZA,PG,1706,South africa
ZA,PH,489,South africa
ZA,PK,1769,South africa
ZA,PL,242,South africa
ZA,PR,268,South africa
ZA,PT,1547,South africa
ZA,PY,348,South africa
ZA,QA,3858,South africa
ZA,RE,1224,South africa
ZA,RO,317,South africa
ZA,RS,472,South africa
ZA,RW,12025,South africa
ZA,SA,2196,South africa
ZA,SB,1030,South africa
ZA,SC,13270,South africa
ZA,SE,1066,South africa
ZA,SG,763,South africa
ZA,SI,403,South africa
ZA,SK,221,South africa
ZA,SL,25583,South africa
ZA,SN,6505,South africa
ZA,SR,2196,South africa
ZA,ST,12467,South africa
ZA,SV,225,South africa
ZA,SZ,525658,South africa
ZA,TD,2849,South africa
ZA,TG,13261,South africa
ZA,TH,177,South africa
ZA,TJ,283,South africa
ZA,TL,272,South africa
ZA,TN,761,South africa
ZA,TO,713,South africa
ZA,TR,348,South africa
ZA,TT,2446,South africa
ZA,TW,222,South africa
ZA,TZ,15729,South africa
ZA,UA,220,South africa
ZA,UG,20229,South africa
ZA,US,1074,South africa
ZA,UY,270,South africa
ZA,UZ,178,South africa
ZA,VC,3221,South africa
ZA,VN,198,South africa
ZA,VU,605,South africa
ZA,WS,571,South africa
ZA,YT,4262,South africa
ZA,ZA,2022262,South africa
ZA,ZM,61516,South africa
ZA,ZW,366466,South africa
