Country,Edition,AVAILABILITY,Internet users,Quality,AFFORDABILITY,Price,RELEVANCE,READINESS,Year,Income Class
Algeria,E1,0.0,31.7,0.0,0.0,0.0,0.0,0.0,2017,Upper-Middle Income
Algeria,E2,50.9,47.1,23.4,61.6,81.4,30.3,36.5,2018,Upper-Middle Income
Algeria,E3,53.5,54.1,25.1,62.2,82.4,38.9,53.1,2019,Lower-Middle Income
Algeria,E4,57.2,74.3,25.6,61.6,81.6,58.1,52.3,2020,Lower-Middle Income
Algeria,E5,58.0,74.3,28.4,61.3,81.1,56.3,53.7,2021,Lower-Middle Income
Angola,E1,0.0,14.4,0.0,0.0,0.0,0.0,0.0,2017,Upper-Middle Income
Angola,E2,28.6,11.0,28.3,58.8,77.6,44.3,45.4,2018,Lower-Middle Income
Angola,E3,30.0,11.0,30.9,67.2,80.2,47.3,48.3,2019,Lower-Middle Income
Angola,E4,30.6,11.0,32.9,65.6,77.7,47.4,53.5,2020,Lower-Middle Income
Angola,E5,30.8,11.0,35.5,59.2,78.3,25.7,54.2,2021,Lower-Middle Income
Argentina,E1,0.0,61.9,0.0,0.0,0.0,0.0,0.0,2017,High Income
Argentina,E2,65.8,71.7,29.5,73.6,88.9,64.7,73.2,2018,Upper-Middle Income
Argentina,E3,66.9,75.8,31.9,72.6,87.2,65.2,74.7,2019,High Income
Argentina,E4,71.0,75.8,35.6,72.0,86.7,83.7,77.4,2020,Upper-Middle Income
Argentina,E5,71.3,75.8,37.8,72.7,87.8,87.3,78.2,2021,Upper-Middle Income
Australia,E1,0.0,85.9,0.0,0.0,0.0,0.0,0.0,2017,High Income
Australia,E2,72.5,86.1,41.0,89.6,98.4,64.1,66.2,2018,High Income
Australia,E3,73.5,86.1,43.9,82.4,97.9,69.2,70.3,2019,High Income
Australia,E4,78.8,86.1,47.7,83.5,99.6,92.7,76.1,2020,High Income
Australia,E5,79.7,86.1,48.8,90.1,99.6,91.2,80.9,2021,High Income
Austria,E1,0.0,82.3,0.0,0.0,0.0,0.0,0.0,2017,High Income
Austria,E2,71.4,85.1,38.8,75.1,88.8,71.1,76.6,2018,High Income
Austria,E3,72.5,88.8,40.3,80.1,96.2,74.0,73.0,2019,High Income
Austria,E4,75.7,88.8,43.5,78.2,93.6,94.0,82.1,2020,High Income
Austria,E5,78.4,89.9,47.3,78.1,93.6,87.2,81.4,2021,High Income
Azerbaijan,E1,0.0,76.6,0.0,0.0,0.0,0.0,0.0,2017,Upper-Middle Income
Azerbaijan,E2,0.0,77.3,0.0,0.0,0.0,0.0,0.0,2018,Upper-Middle Income
Azerbaijan,E3,0.0,77.7,0.0,0.0,0.0,0.0,0.0,2019,Upper-Middle Income
Azerbaijan,E4,66.2,78.1,39.7,74.2,80.4,73.3,59.7,2020,Upper-Middle Income
Azerbaijan,E5,69.7,78.1,42.0,78.8,87.4,78.5,59.7,2021,Upper-Middle Income
Bahrain,E1,0.0,88.7,0.0,0.0,0.0,0.0,0.0,2017,High Income
Bahrain,E2,0.0,98.0,0.0,0.0,0.0,0.0,0.0,2018,High Income
Bahrain,E3,0.0,98.5,0.0,0.0,0.0,0.0,0.0,2019,High Income
Bahrain,E4,72.7,98.6,41.4,67.6,87.0,84.2,75.0,2020,High Income
Bahrain,E5,72.8,99.7,44.8,71.4,92.2,84.3,73.6,2021,High Income
Bangladesh,E1,0.0,9.8,0.0,0.0,0.0,0.0,0.0,2017,Lower-Middle Income
Bangladesh,E2,47.7,14.2,27.1,60.5,80.4,47.6,62.4,2018,Lower-Middle Income
Bangladesh,E3,50.6,6.5,31.1,61.1,81.3,47.6,57.1,2019,Lower-Middle Income
Bangladesh,E4,55.1,6.5,33.0,64.2,86.1,63.4,69.7,2020,Lower-Middle Income
Bangladesh,E5,53.7,37.4,35.1,62.2,83.1,67.6,62.7,2021,Lower-Middle Income
Belgium,E1,0.0,81.7,0.0,0.0,0.0,0.0,0.0,2017,High Income
Belgium,E2,72.2,84.8,43.0,80.8,96.4,70.7,77.6,2018,High Income
Belgium,E3,72.6,86.0,47.0,79.7,94.7,71.2,76.1,2019,High Income
Belgium,E4,76.6,87.3,49.3,79.4,93.9,92.1,81.0,2020,High Income
Belgium,E5,78.8,89.8,50.6,83.0,99.6,87.9,77.4,2021,High Income
Benin,E1,0.0,5.1,0.0,0.0,0.0,0.0,0.0,2017,Lower-Middle Income
Benin,E2,0.0,6.3,0.0,0.0,0.0,0.0,0.0,2018,Lower-Middle Income
Benin,E3,28.0,4.3,23.0,50.4,75.0,41.4,55.9,2019,Lower-Middle Income
Benin,E4,32.2,4.3,24.7,48.4,72.0,46.9,56.1,2020,Lower-Middle Income
Benin,E5,32.3,4.3,30.5,48.6,72.3,31.1,59.3,2021,Lower-Middle Income
Botswana,E1,0.0,41.5,0.0,0.0,0.0,0.0,0.0,2017,Upper-Middle Income
Botswana,E2,41.9,43.5,21.4,55.7,82.2,41.4,51.2,2018,Upper-Middle Income
Botswana,E3,43.3,45.5,26.0,59.7,88.1,40.7,64.5,2019,Upper-Middle Income
Botswana,E4,45.3,45.5,29.1,66.9,89.1,47.7,63.0,2020,Upper-Middle Income
Botswana,E5,48.6,63.4,30.7,67.5,90.0,35.4,68.4,2021,Upper-Middle Income
Brazil,E1,0.0,50.8,0.0,0.0,0.0,0.0,0.0,2017,Upper-Middle Income
Brazil,E2,63.1,53.8,28.6,83.8,84.7,66.3,50.9,2018,Upper-Middle Income
Brazil,E3,65.3,60.7,32.3,83.1,83.6,72.8,63.9,2019,Upper-Middle Income
Brazil,E4,69.0,66.6,36.6,81.8,81.6,85.4,68.4,2020,Upper-Middle Income
Brazil,E5,71.2,66.6,40.6,86.5,88.5,85.0,64.5,2021,Upper-Middle Income
Bulgaria,E1,0.0,59.0,0.0,0.0,0.0,0.0,0.0,2017,Upper-Middle Income
Bulgaria,E2,71.5,63.4,42.8,77.2,84.5,74.1,64.0,2018,Upper-Middle Income
Bulgaria,E3,72.7,67.2,45.5,70.0,83.6,74.2,71.2,2019,Upper-Middle Income
Bulgaria,E4,76.0,72.0,50.5,69.1,82.3,94.6,74.0,2020,Upper-Middle Income
Bulgaria,E5,76.5,75.0,55.7,73.2,88.3,88.8,72.7,2021,Upper-Middle Income
Burkina Faso,E1,0.0,7.2,0.0,0.0,0.0,0.0,0.0,2017,Low Income
Burkina Faso,E2,17.8,10.3,7.2,47.3,60.4,47.7,49.3,2018,Low Income
Burkina Faso,E3,18.8,12.6,7.6,50.4,65.0,41.3,45.1,2019,Low Income
Burkina Faso,E4,27.4,12.6,22.0,52.9,68.7,41.6,55.3,2020,Low Income
Burkina Faso,E5,30.0,12.6,29.6,53.2,69.2,38.4,50.6,2021,Low Income
Burundi,E1,0.0,1.7,0.0,0.0,0.0,0.0,0.0,2017,Low Income
Burundi,E2,0.0,3.0,0.0,0.0,0.0,0.0,0.0,2018,Low Income
Burundi,E3,0.0,0.0,0.0,0.0,0.0,0.0,0.0,2019,Low Income
Burundi,E4,25.4,0.0,29.3,30.9,45.7,32.5,25.5,2020,Low Income
Burundi,E5,26.1,0.0,31.7,30.9,45.7,29.5,35.0,2021,Low Income
Cambodia,E1,0.0,5.8,0.0,0.0,0.0,0.0,0.0,2017,Lower-Middle Income
Cambodia,E2,45.6,19.8,33.5,61.2,79.2,47.8,37.2,2018,Lower-Middle Income
Cambodia,E3,49.7,21.1,36.5,61.8,80.2,50.5,40.6,2019,Lower-Middle Income
Cambodia,E4,56.5,35.2,36.2,62.0,80.6,58.9,50.8,2020,Lower-Middle Income
Cambodia,E5,57.4,40.8,38.6,62.9,82.0,58.7,55.1,2021,Lower-Middle Income
Cameroon,E1,0.0,8.3,0.0,0.0,0.0,0.0,0.0,2017,Lower-Middle Income
Cameroon,E2,34.4,10.2,24.5,64.2,75.7,46.2,38.6,2018,Lower-Middle Income
Cameroon,E3,40.6,21.5,27.4,67.6,80.7,48.4,47.5,2019,Lower-Middle Income
Cameroon,E4,42.4,21.5,26.0,61.4,81.3,49.2,46.2,2020,Lower-Middle Income
Cameroon,E5,42.6,21.5,28.8,60.3,79.7,46.9,41.8,2021,Lower-Middle Income
Canada,E1,0.0,86.9,0.0,0.0,0.0,0.0,0.0,2017,High Income
Canada,E2,70.7,87.4,40.6,94.4,92.0,66.5,60.5,2018,High Income
Canada,E3,72.8,89.0,46.0,95.1,92.8,68.1,63.8,2019,High Income
Canada,E4,77.4,89.0,54.0,94.3,93.1,85.9,78.9,2020,High Income
Canada,E5,80.2,89.0,57.2,95.8,95.4,81.9,76.6,2021,High Income
Chile,E1,0.0,69.8,0.0,0.0,0.0,0.0,0.0,2017,High Income
Chile,E2,67.4,79.2,34.0,89.6,92.0,73.7,81.0,2018,High Income
Chile,E3,69.0,87.5,36.3,88.1,89.7,69.4,77.6,2019,High Income
Chile,E4,71.9,87.5,41.1,88.9,91.0,92.2,81.8,2020,High Income
Chile,E5,72.8,87.5,46.0,88.3,90.5,89.0,82.9,2021,High Income
China,E1,0.0,54.1,0.0,0.0,0.0,0.0,0.0,2017,Upper-Middle Income
China,E2,64.6,55.4,41.5,66.4,88.0,65.6,72.6,2018,Upper-Middle Income
China,E3,66.5,59.5,44.4,66.9,88.7,67.1,69.2,2019,Upper-Middle Income
China,E4,73.0,59.5,47.6,65.7,86.9,92.6,76.9,2020,Upper-Middle Income
China,E5,76.8,59.5,60.3,67.8,90.2,88.4,76.1,2021,Upper-Middle Income
Colombia,E1,0.0,41.6,0.0,0.0,0.0,0.0,0.0,2017,Upper-Middle Income
Colombia,E2,62.3,45.6,29.7,78.2,86.2,60.3,72.0,2018,Upper-Middle Income
Colombia,E3,63.9,49.8,32.2,80.7,90.1,63.8,72.8,2019,Upper-Middle Income
Colombia,E4,62.2,52.6,34.7,78.3,86.5,85.2,76.4,2020,Upper-Middle Income
Colombia,E5,66.5,52.1,36.8,78.4,86.7,84.7,79.7,2021,Upper-Middle Income
Congo (DRC),E1,0.0,2.1,0.0,0.0,0.0,0.0,0.0,2017,Low Income
Congo (DRC),E2,12.0,2.5,8.7,34.6,31.2,45.7,39.4,2018,Low Income
Congo (DRC),E3,15.5,1.0,16.2,35.5,32.7,38.8,37.5,2019,Low Income
Congo (DRC),E4,18.2,1.0,20.3,34.8,31.6,48.8,42.7,2020,Low Income
Congo (DRC),E5,18.7,1.0,21.7,43.9,45.2,41.3,45.4,2021,Low Income
Costa Rica,E1,0.0,60.1,0.0,0.0,0.0,0.0,0.0,2017,Upper-Middle Income
Costa Rica,E2,0.0,64.7,0.0,0.0,0.0,0.0,0.0,2018,Upper-Middle Income
Costa Rica,E3,58.9,67.2,28.0,80.9,89.8,61.7,76.7,2019,Upper-Middle Income
Costa Rica,E4,61.1,73.0,33.3,73.5,88.7,76.0,76.7,2020,Upper-Middle Income
Costa Rica,E5,69.7,86.3,37.3,73.7,89.1,80.1,73.2,2021,Upper-Middle Income
Cote d'Ivoire,E1,0.0,9.4,0.0,0.0,0.0,0.0,0.0,2017,Lower-Middle Income
Cote d'Ivoire,E2,40.9,11.3,24.5,56.5,73.8,42.1,40.7,2018,Lower-Middle Income
Cote d'Ivoire,E3,42.9,13.2,28.6,60.4,79.7,40.2,49.8,2019,Lower-Middle Income
Cote d'Ivoire,E4,46.6,15.6,31.7,56.8,74.5,57.2,46.0,2020,Lower-Middle Income
Cote d'Ivoire,E5,49.9,16.6,29.3,57.1,74.9,57.0,43.6,2021,Lower-Middle Income
Croatia,E1,0.0,76.6,0.0,0.0,0.0,0.0,0.0,2017,High Income
Croatia,E2,0.0,77.2,0.0,0.0,0.0,0.0,0.0,2018,Upper-Middle Income
Croatia,E3,0.0,76.4,0.0,0.0,0.0,0.0,0.0,2019,High Income
Croatia,E4,69.1,81.4,44.8,73.0,86.9,95.1,68.3,2020,High Income
Croatia,E5,70.4,80.4,47.9,66.5,87.2,90.8,67.6,2021,High Income
Cuba,E1,0.0,5.3,0.0,0.0,0.0,0.0,0.0,2017,Upper-Middle Income
Cuba,E2,0.0,14.9,0.0,0.0,0.0,0.0,0.0,2018,Upper-Middle Income
Cuba,E3,0.0,17.5,0.0,0.0,0.0,0.0,0.0,2019,Upper-Middle Income
Cuba,E4,46.5,28.0,20.0,56.5,83.2,61.1,54.8,2020,Upper-Middle Income
Cuba,E5,49.4,30.3,25.8,57.3,84.5,52.6,55.7,2021,Upper-Middle Income
Czech Republic,E1,0.0,73.0,0.0,0.0,0.0,0.0,0.0,2017,High Income
Czech Republic,E2,0.0,76.0,0.0,0.0,0.0,0.0,0.0,2018,High Income
Czech Republic,E3,72.9,77.1,45.3,81.4,89.5,55.9,72.4,2019,High Income
Czech Republic,E4,76.6,80.4,48.8,82.8,91.6,74.4,76.5,2020,High Income
Czech Republic,E5,78.5,81.0,49.5,83.8,93.0,78.1,73.2,2021,High Income
Denmark,E1,0.0,91.7,0.0,0.0,0.0,0.0,0.0,2017,High Income
Denmark,E2,76.3,94.0,48.1,85.2,93.8,72.8,60.8,2018,High Income
Denmark,E3,77.8,97.0,52.5,85.2,93.8,73.2,73.4,2019,High Income
Denmark,E4,80.8,92.7,56.9,84.6,92.8,92.3,78.9,2020,High Income
Denmark,E5,84.3,95.4,61.9,83.5,91.1,91.9,75.8,2021,High Income
Dominican Republic,E1,0.0,23.4,0.0,0.0,0.0,0.0,0.0,2017,Upper-Middle Income
Dominican Republic,E2,0.0,25.0,0.0,0.0,0.0,0.0,0.0,2018,Upper-Middle Income
Dominican Republic,E3,61.1,29.8,32.4,60.2,88.7,55.1,74.5,2019,Upper-Middle Income
Dominican Republic,E4,61.7,31.4,35.1,58.6,86.4,77.4,76.5,2020,Upper-Middle Income
Dominican Republic,E5,60.8,33.5,36.1,59.8,88.2,66.7,73.4,2021,Upper-Middle Income
Ecuador,E1,0.0,32.6,0.0,0.0,0.0,0.0,0.0,2017,Upper-Middle Income
Ecuador,E2,0.0,35.8,0.0,0.0,0.0,0.0,0.0,2018,Upper-Middle Income
Ecuador,E3,58.7,37.0,32.7,65.2,85.9,66.7,62.5,2019,Upper-Middle Income
Ecuador,E4,60.2,37.0,36.3,75.9,82.0,84.9,66.8,2020,Upper-Middle Income
Ecuador,E5,62.6,37.0,37.9,78.1,85.4,78.0,61.1,2021,Upper-Middle Income
Egypt,E1,0.0,42.1,0.0,0.0,0.0,0.0,0.0,2017,Lower-Middle Income
Egypt,E2,50.4,45.9,25.5,67.2,90.5,56.0,52.0,2018,Lower-Middle Income
Egypt,E3,56.9,49.0,29.9,62.0,82.7,44.5,49.5,2019,Lower-Middle Income
Egypt,E4,61.2,53.8,31.7,62.7,83.6,61.4,61.9,2020,Lower-Middle Income
Egypt,E5,62.4,59.8,35.5,64.5,86.3,69.9,61.7,2021,Lower-Middle Income
El Salvador,E1,0.0,13.6,0.0,0.0,0.0,0.0,0.0,2017,Lower-Middle Income
El Salvador,E2,53.3,16.6,24.2,69.4,82.5,56.9,46.8,2018,Lower-Middle Income
El Salvador,E3,56.9,16.9,26.8,78.6,86.2,54.2,48.6,2019,Lower-Middle Income
El Salvador,E4,57.9,16.9,29.2,76.9,83.9,63.7,49.7,2020,Lower-Middle Income
El Salvador,E5,58.8,16.9,31.0,76.5,83.3,62.3,48.0,2021,Lower-Middle Income
Estonia,E1,0.0,87.7,0.0,0.0,0.0,0.0,0.0,2017,High Income
Estonia,E2,71.8,86.2,39.8,67.1,88.5,70.7,69.5,2018,High Income
Estonia,E3,76.2,88.3,42.6,68.0,89.8,73.8,70.8,2019,High Income
Estonia,E4,78.7,90.5,46.9,74.6,89.6,95.9,81.9,2020,High Income
Estonia,E5,74.6,90.4,49.4,77.7,94.2,93.6,78.5,2021,High Income
Ethiopia,E1,0.0,14.1,0.0,0.0,0.0,0.0,0.0,2017,Low Income
Ethiopia,E2,29.7,15.1,24.6,48.2,71.9,43.3,37.4,2018,Low Income
Ethiopia,E3,29.0,17.8,27.2,45.8,68.4,41.4,49.7,2019,Low Income
Ethiopia,E4,34.4,17.8,31.0,45.4,67.8,59.2,50.0,2020,Low Income
Ethiopia,E5,34.4,17.8,33.6,48.1,71.8,53.7,45.3,2021,Low Income
Finland,E1,0.0,82.1,0.0,0.0,0.0,0.0,0.0,2017,High Income
Finland,E2,0.0,84.6,0.0,0.0,0.0,0.0,0.0,2018,High Income
Finland,E3,74.6,87.8,42.8,84.3,92.6,75.3,70.7,2019,High Income
Finland,E4,78.9,88.9,46.7,85.0,93.6,93.8,74.5,2020,High Income
Finland,E5,77.8,89.0,50.6,85.8,94.7,88.3,76.0,2021,High Income
France,E1,0.0,75.2,0.0,0.0,0.0,0.0,0.0,2017,High Income
France,E2,70.1,78.6,38.8,91.7,92.6,72.5,70.4,2018,High Income
France,E3,71.7,79.7,42.1,93.3,95.2,72.8,72.4,2019,High Income
France,E4,76.9,82.3,48.7,94.3,96.9,90.3,66.6,2020,High Income
France,E5,78.9,84.0,54.3,93.6,95.9,89.3,72.6,2021,High Income
Gabon,E1,0.0,29.1,0.0,0.0,0.0,0.0,0.0,2017,Upper-Middle Income
Gabon,E2,0.0,34.2,0.0,0.0,0.0,0.0,0.0,2018,Upper-Middle Income
Gabon,E3,0.0,40.8,0.0,0.0,0.0,0.0,0.0,2019,Upper-Middle Income
Gabon,E4,52.8,40.8,31.5,56.5,84.1,43.1,59.3,2020,Upper-Middle Income
Gabon,E5,53.9,40.8,31.7,56.4,84.0,39.8,50.9,2021,Upper-Middle Income
Germany,E1,0.0,90.3,0.0,0.0,0.0,0.0,0.0,2017,High Income
Germany,E2,71.3,87.4,36.1,84.0,92.4,70.4,72.8,2018,High Income
Germany,E3,73.4,87.9,39.0,83.4,91.5,69.4,68.5,2019,High Income
Germany,E4,78.1,89.9,42.9,82.5,90.3,85.7,80.7,2020,High Income
Germany,E5,78.8,90.8,46.1,84.4,93.1,78.5,80.7,2021,High Income
Ghana,E1,0.0,28.4,0.0,0.0,0.0,0.0,0.0,2017,Lower-Middle Income
Ghana,E2,48.8,32.3,25.2,74.5,81.5,46.3,64.1,2018,Lower-Middle Income
Ghana,E3,49.5,22.2,27.8,68.4,82.2,52.3,57.5,2019,Lower-Middle Income
Ghana,E4,48.8,22.2,31.5,68.8,82.8,60.2,64.5,2020,Lower-Middle Income
Ghana,E5,55.2,22.2,35.0,55.1,82.2,58.1,65.5,2021,Lower-Middle Income
Greece,E1,0.0,68.0,0.0,0.0,0.0,0.0,0.0,2017,High Income
Greece,E2,66.8,69.0,35.5,81.7,90.4,73.1,60.3,2018,High Income
Greece,E3,69.9,70.9,38.0,82.0,90.9,73.5,67.5,2019,High Income
Greece,E4,74.2,76.4,41.2,75.6,91.4,79.5,68.7,2020,High Income
Greece,E5,74.6,78.4,41.7,76.1,92.0,91.1,63.6,2021,High Income
Guatemala,E1,0.0,17.2,0.0,0.0,0.0,0.0,0.0,2017,Lower-Middle Income
Guatemala,E2,52.6,20.3,30.6,62.6,82.3,51.8,50.1,2018,Lower-Middle Income
Guatemala,E3,56.2,23.4,31.1,63.0,82.8,57.6,50.1,2019,Upper-Middle Income
Guatemala,E4,55.2,23.4,34.4,56.2,82.7,77.3,45.0,2020,Upper-Middle Income
Guatemala,E5,54.0,23.4,38.6,56.2,82.9,74.3,43.2,2021,Upper-Middle Income
Guinea,E1,0.0,6.1,0.0,0.0,0.0,0.0,0.0,2017,Low Income
Guinea,E2,0.0,7.3,0.0,0.0,0.0,0.0,0.0,2018,Low Income
Guinea,E3,19.8,8.6,10.6,49.9,74.3,26.2,52.8,2019,Low Income
Guinea,E4,23.4,8.6,17.0,50.8,75.6,31.8,52.9,2020,Low Income
Guinea,E5,31.4,12.7,24.0,51.0,75.9,32.4,48.3,2021,Low Income
Honduras,E1,0.0,22.6,0.0,0.0,0.0,0.0,0.0,2017,Lower-Middle Income
Honduras,E2,0.0,24.4,0.0,0.0,0.0,0.0,0.0,2018,Lower-Middle Income
Honduras,E3,0.0,26.3,0.0,0.0,0.0,0.0,0.0,2019,Lower-Middle Income
Honduras,E4,48.3,26.3,34.1,59.0,76.9,70.0,38.6,2020,Lower-Middle Income
Honduras,E5,49.1,26.3,35.5,58.0,75.4,73.0,39.0,2021,Lower-Middle Income
Hong Kong,E1,0.0,78.9,0.0,0.0,0.0,0.0,0.0,2017,High Income
Hong Kong,E2,0.0,79.4,0.0,0.0,0.0,0.0,0.0,2018,High Income
Hong Kong,E3,0.0,80.1,0.0,0.0,0.0,0.0,0.0,2019,High Income
Hong Kong,E4,84.3,92.3,71.7,83.6,92.4,90.5,68.4,2020,High Income
Hong Kong,E5,86.9,94.1,79.3,85.8,95.8,87.5,69.6,2021,High Income
Hungary,E1,0.0,75.5,0.0,0.0,0.0,0.0,0.0,2017,High Income
Hungary,E2,71.6,79.1,47.1,79.2,86.4,57.0,72.0,2018,High Income
Hungary,E3,72.9,82.3,51.7,82.0,90.4,61.7,63.6,2019,High Income
Hungary,E4,75.7,83.2,53.9,82.3,90.9,77.6,66.4,2020,High Income
Hungary,E5,75.2,86.2,56.1,82.9,91.7,73.1,66.7,2021,High Income
India,E1,0.0,19.8,0.0,0.0,0.0,0.0,0.0,2017,Lower-Middle Income
India,E2,52.6,22.4,26.1,72.8,78.9,62.1,70.8,2018,Lower-Middle Income
India,E3,52.8,25.2,28.5,85.3,87.6,59.9,71.9,2019,Lower-Middle Income
India,E4,57.5,23.6,31.4,84.4,86.4,82.2,78.9,2020,Lower-Middle Income
India,E5,59.0,23.6,34.4,85.7,88.2,83.3,73.9,2021,Lower-Middle Income
Indonesia,E1,0.0,41.8,0.0,0.0,0.0,0.0,0.0,2017,Lower-Middle Income
Indonesia,E2,53.6,47.0,29.4,72.3,78.1,48.3,62.3,2018,Lower-Middle Income
Indonesia,E3,61.4,57.2,31.7,71.5,86.8,50.3,68.7,2019,Lower-Middle Income
Indonesia,E4,64.4,66.1,33.4,63.5,84.9,73.2,71.3,2020,Lower-Middle Income
Indonesia,E5,67.0,66.1,36.3,62.3,82.9,79.9,63.4,2021,Upper-Middle Income
Iran,E1,0.0,55.4,0.0,0.0,0.0,0.0,0.0,2017,Upper-Middle Income
Iran,E2,57.1,62.1,28.2,62.1,82.3,67.9,74.4,2018,Upper-Middle Income
Iran,E3,60.7,72.7,31.9,63.1,83.8,68.9,72.8,2019,Upper-Middle Income
Iran,E4,66.6,79.5,36.8,63.8,84.7,89.6,73.3,2020,Upper-Middle Income
Iran,E5,67.1,79.5,37.1,69.0,82.3,86.5,72.6,2021,Upper-Middle Income
Ireland,E1,0.0,85.0,0.0,0.0,0.0,0.0,0.0,2017,High Income
Ireland,E2,66.5,87.0,35.3,89.3,98.4,67.9,73.2,2018,High Income
Ireland,E3,68.3,89.0,37.5,88.6,97.6,71.1,66.7,2019,High Income
Ireland,E4,73.2,89.1,40.2,89.7,99.3,94.6,72.0,2020,High Income
Ireland,E5,73.4,89.1,42.7,88.9,98.5,89.8,70.6,2021,High Income
Israel,E1,0.0,74.2,0.0,0.0,0.0,0.0,0.0,2017,High Income
Israel,E2,0.0,75.3,0.0,0.0,0.0,0.0,0.0,2018,High Income
Israel,E3,70.1,74.0,40.5,89.6,90.8,68.8,68.8,2019,High Income
Israel,E4,71.6,74.8,43.0,90.1,91.7,87.6,73.6,2020,High Income
Israel,E5,74.9,75.8,43.7,90.7,92.7,88.0,72.9,2021,High Income
Italy,E1,0.0,66.1,0.0,0.0,0.0,0.0,0.0,2017,High Income
Italy,E2,68.8,69.1,35.0,82.4,90.3,72.5,66.4,2018,High Income
Italy,E3,69.5,71.6,38.2,83.5,91.8,74.2,64.4,2019,High Income
Italy,E4,73.5,75.0,40.7,83.7,92.3,92.4,69.1,2020,High Income
Italy,E5,74.7,76.0,42.9,92.5,95.5,90.7,72.0,2021,High Income
Jamaica,E1,0.0,34.4,0.0,0.0,0.0,0.0,0.0,2017,Upper-Middle Income
Jamaica,E2,56.0,39.3,28.1,58.2,85.7,47.6,55.7,2018,Upper-Middle Income
Jamaica,E3,58.2,52.8,31.6,57.7,84.9,50.8,63.0,2019,Upper-Middle Income
Jamaica,E4,63.4,52.8,33.6,56.5,83.2,54.1,60.5,2020,Upper-Middle Income
Jamaica,E5,66.6,52.8,39.4,59.2,87.3,50.4,66.1,2021,Upper-Middle Income
Japan,E1,0.0,97.2,0.0,0.0,0.0,0.0,0.0,2017,High Income
Japan,E2,72.0,96.2,42.1,83.4,87.1,70.4,65.2,2018,High Income
Japan,E3,73.5,96.2,45.9,86.3,91.7,70.4,72.3,2019,High Income
Japan,E4,76.8,95.7,49.6,87.0,93.0,84.8,78.5,2020,High Income
Japan,E5,79.2,95.7,52.6,88.9,95.9,82.1,81.5,2021,High Income
Jordan,E1,0.0,75.8,0.0,0.0,0.0,0.0,0.0,2017,Lower-Middle Income
Jordan,E2,0.0,78.9,0.0,0.0,0.0,0.0,0.0,2018,Lower-Middle Income
Jordan,E3,61.9,37.2,36.2,61.9,81.2,54.2,61.3,2019,Lower-Middle Income
Jordan,E4,65.5,37.2,40.2,62.1,81.4,73.9,62.0,2020,Upper-Middle Income
Jordan,E5,66.3,37.2,46.4,62.4,81.8,76.7,59.0,2021,Upper-Middle Income
Kazakhstan,E1,0.0,82.1,0.0,0.0,0.0,0.0,0.0,2017,Upper-Middle Income
Kazakhstan,E2,65.2,84.4,34.8,65.7,88.1,47.2,74.2,2018,Upper-Middle Income
Kazakhstan,E3,67.6,84.9,37.5,66.3,89.0,54.5,70.2,2019,Upper-Middle Income
Kazakhstan,E4,70.2,87.6,39.4,66.9,89.8,79.6,68.7,2020,Upper-Middle Income
Kazakhstan,E5,66.7,90.3,39.7,66.7,89.3,75.7,69.5,2021,Upper-Middle Income
Kenya,E1,0.0,29.7,0.0,0.0,0.0,0.0,0.0,2017,Lower-Middle Income
Kenya,E2,47.0,29.8,30.2,58.4,76.6,66.0,64.4,2018,Lower-Middle Income
Kenya,E3,49.7,24.8,33.7,65.9,77.8,68.1,50.3,2019,Lower-Middle Income
Kenya,E4,53.3,24.8,35.2,66.3,78.4,85.7,58.0,2020,Lower-Middle Income
Kenya,E5,56.4,17.7,39.5,65.8,77.9,85.4,69.4,2021,Lower-Middle Income
Kuwait,E1,0.0,76.8,0.0,0.0,0.0,0.0,0.0,2017,High Income
Kuwait,E2,66.3,77.6,37.1,77.5,81.2,47.8,56.4,2018,High Income
Kuwait,E3,68.8,99.7,41.3,82.4,88.4,49.9,60.9,2019,High Income
Kuwait,E4,75.3,100.0,44.7,86.0,93.4,82.7,62.7,2020,High Income
Kuwait,E5,76.7,100.0,50.4,86.2,94.0,84.3,66.8,2021,High Income
Laos,E1,0.0,13.1,0.0,0.0,0.0,0.0,0.0,2017,Lower-Middle Income
Laos,E2,0.0,18.5,0.0,0.0,0.0,0.0,0.0,2018,Lower-Middle Income
Laos,E3,0.0,1.4,0.0,0.0,0.0,0.0,0.0,2019,Lower-Middle Income
Laos,E4,52.2,1.4,40.6,67.8,79.3,48.8,49.9,2020,Lower-Middle Income
Laos,E5,53.3,1.4,43.0,70.4,83.2,50.2,46.1,2021,Lower-Middle Income
Latvia,E1,0.0,75.9,0.0,0.0,0.0,0.0,0.0,2017,High Income
Latvia,E2,0.0,77.2,0.0,0.0,0.0,0.0,0.0,2018,High Income
Latvia,E3,0.0,78.5,0.0,0.0,0.0,0.0,0.0,2019,High Income
Latvia,E4,74.2,81.5,48.9,73.4,88.0,80.2,64.9,2020,High Income
Latvia,E5,78.1,85.4,52.9,75.3,90.8,88.5,77.5,2021,High Income
Lebanon,E1,0.0,75.6,0.0,0.0,0.0,0.0,0.0,2017,Upper-Middle Income
Lebanon,E2,0.0,77.6,0.0,0.0,0.0,0.0,0.0,2018,Upper-Middle Income
Lebanon,E3,0.0,84.4,0.0,0.0,0.0,0.0,0.0,2019,Upper-Middle Income
Lebanon,E4,63.1,84.4,38.8,58.5,84.7,76.7,45.1,2020,Upper-Middle Income
Lebanon,E5,62.6,84.4,41.3,60.4,87.5,56.4,43.3,2021,Upper-Middle Income
Liberia,E1,0.0,2.4,0.0,0.0,0.0,0.0,0.0,2017,Low Income
Liberia,E2,22.5,2.7,34.0,12.8,18.5,44.3,41.5,2018,Low Income
Liberia,E3,21.7,2.7,34.9,26.6,39.3,45.1,42.9,2019,Low Income
Liberia,E4,25.3,2.7,36.9,26.8,39.6,50.6,41.6,2020,Low Income
Liberia,E5,24.2,2.7,39.3,32.4,48.0,35.4,50.9,2021,Low Income
Lithuania,E1,0.0,68.2,0.0,0.0,0.0,0.0,0.0,2017,High Income
Lithuania,E2,0.0,71.6,0.0,0.0,0.0,0.0,0.0,2018,High Income
Lithuania,E3,0.0,74.9,0.0,0.0,0.0,0.0,0.0,2019,High Income
Lithuania,E4,79.4,78.3,53.8,80.5,89.2,82.4,75.5,2020,High Income
Lithuania,E5,80.9,81.4,58.1,81.9,91.2,90.6,71.8,2021,High Income
Madagascar,E1,0.0,5.5,0.0,0.0,0.0,0.0,0.0,2017,Low Income
Madagascar,E2,26.5,6.7,26.8,32.1,37.5,38.7,39.0,2018,Low Income
Madagascar,E3,26.8,7.9,29.7,42.9,53.7,41.6,53.0,2019,Low Income
Madagascar,E4,30.5,13.0,30.8,44.7,56.5,40.3,51.3,2020,Low Income
Madagascar,E5,33.3,13.0,31.9,45.3,57.3,37.6,52.8,2021,Low Income
Malawi,E1,0.0,8.8,0.0,0.0,0.0,0.0,0.0,2017,Low Income
Malawi,E2,23.8,10.8,24.5,38.1,56.5,37.9,51.0,2018,Low Income
Malawi,E3,24.8,10.8,27.4,40.8,60.5,37.1,51.9,2019,Low Income
Malawi,E4,28.8,10.2,30.3,41.4,61.4,38.3,50.0,2020,Low Income
Malawi,E5,31.1,10.2,35.6,41.5,61.7,46.5,51.8,2021,Low Income
Malaysia,E1,0.0,70.0,0.0,0.0,0.0,0.0,0.0,2017,Upper-Middle Income
Malaysia,E2,65.6,76.8,31.8,71.9,85.6,69.5,78.8,2018,Upper-Middle Income
Malaysia,E3,64.7,85.7,35.6,71.3,84.7,70.7,70.7,2019,Upper-Middle Income
Malaysia,E4,70.0,87.0,42.4,72.1,85.8,85.2,82.8,2020,Upper-Middle Income
Malaysia,E5,71.5,90.1,45.5,71.5,85.0,88.3,82.6,2021,Upper-Middle Income
Mali,E1,0.0,7.9,0.0,0.0,0.0,0.0,0.0,2017,Low Income
Mali,E2,25.6,8.6,18.5,42.5,63.1,16.8,37.1,2018,Low Income
Mali,E3,28.7,10.3,25.1,45.7,67.8,38.1,53.2,2019,Low Income
Mali,E4,31.9,17.2,32.1,42.9,63.6,47.9,54.9,2020,Low Income
Mali,E5,37.6,17.2,38.0,47.6,70.7,47.1,50.2,2021,Low Income
Mexico,E1,0.0,39.0,0.0,0.0,0.0,0.0,0.0,2017,Upper-Middle Income
Mexico,E2,60.5,46.8,33.9,65.9,87.5,67.2,78.4,2018,Upper-Middle Income
Mexico,E3,61.3,50.8,36.1,66.7,88.7,68.5,73.8,2019,Upper-Middle Income
Mexico,E4,65.8,52.8,37.5,74.4,90.3,86.5,72.5,2020,Upper-Middle Income
Mexico,E5,66.9,56.3,40.4,75.7,92.2,86.1,70.8,2021,Upper-Middle Income
Mongolia,E1,0.0,22.3,0.0,0.0,0.0,0.0,0.0,2017,Lower-Middle Income
Mongolia,E2,53.2,22.2,33.3,85.2,85.2,59.7,48.3,2018,Lower-Middle Income
Mongolia,E3,57.1,22.8,35.5,76.1,81.6,61.5,52.1,2019,Lower-Middle Income
Mongolia,E4,60.2,43.1,38.0,76.0,81.6,80.6,52.3,2020,Lower-Middle Income
Mongolia,E5,61.4,43.1,41.3,74.2,79.0,76.1,63.4,2021,Lower-Middle Income
Morocco,E1,0.0,66.4,0.0,0.0,0.0,0.0,0.0,2017,Lower-Middle Income
Morocco,E2,60.4,68.4,29.0,61.1,80.8,55.1,55.5,2018,Lower-Middle Income
Morocco,E3,62.2,70.1,31.3,62.5,82.8,53.7,58.4,2019,Lower-Middle Income
Morocco,E4,66.5,74.1,35.2,62.6,82.9,77.3,52.3,2020,Lower-Middle Income
Morocco,E5,68.5,80.7,38.7,64.5,85.9,76.1,55.9,2021,Lower-Middle Income
Mozambique,E1,0.0,12.9,0.0,0.0,0.0,0.0,0.0,2017,Low Income
Mozambique,E2,23.2,12.9,20.5,57.8,76.1,44.1,36.0,2018,Low Income
Mozambique,E3,23.8,10.5,24.4,54.9,71.7,35.9,56.3,2019,Low Income
Mozambique,E4,31.8,10.5,29.1,54.6,71.3,47.4,50.4,2020,Low Income
Mozambique,E5,32.0,10.5,33.3,55.6,72.8,34.7,50.9,2021,Low Income
Myanmar,E1,0.0,19.5,0.0,0.0,0.0,0.0,0.0,2017,Lower-Middle Income
Myanmar,E2,39.4,24.2,25.6,61.0,78.9,59.5,51.8,2018,Lower-Middle Income
Myanmar,E3,43.8,28.1,34.6,62.8,81.7,60.7,52.7,2019,Lower-Middle Income
Myanmar,E4,51.7,28.1,40.2,63.6,83.0,66.6,67.2,2020,Lower-Middle Income
Myanmar,E5,52.2,28.1,42.1,70.0,82.7,68.0,65.6,2021,Lower-Middle Income
Namibia,E1,0.0,24.3,0.0,0.0,0.0,0.0,0.0,2017,Upper-Middle Income
Namibia,E2,38.5,29.3,28.1,56.7,84.5,48.6,36.0,2018,Upper-Middle Income
Namibia,E3,41.8,34.4,30.6,57.0,84.8,49.8,54.2,2019,Upper-Middle Income
Namibia,E4,43.2,34.4,31.5,57.2,85.2,60.5,52.9,2020,Upper-Middle Income
Namibia,E5,44.2,34.4,33.6,55.6,82.7,44.3,54.6,2021,Upper-Middle Income
Nepal,E1,0.0,11.7,0.0,0.0,0.0,0.0,0.0,2017,Low Income
Nepal,E2,44.2,14.7,29.0,57.9,74.3,46.8,62.8,2018,Low Income
Nepal,E3,49.6,17.7,30.4,60.4,68.0,53.6,68.4,2019,Low Income
Nepal,E4,51.2,17.7,31.9,64.4,74.2,63.6,68.9,2020,Low Income
Nepal,E5,54.9,17.7,35.6,64.2,73.9,54.9,68.8,2021,Lower-Middle Income
Netherlands,E1,0.0,90.9,0.0,0.0,0.0,0.0,0.0,2017,High Income
Netherlands,E2,75.6,92.2,47.7,77.3,90.2,67.0,71.9,2018,High Income
Netherlands,E3,76.6,96.2,51.1,76.9,90.2,66.7,74.2,2019,High Income
Netherlands,E4,80.6,94.9,53.9,77.2,91.5,84.9,79.8,2020,High Income
Netherlands,E5,83.3,96.2,58.6,78.6,93.7,86.0,83.1,2021,High Income
New Zealand,E1,0.0,82.7,0.0,0.0,0.0,0.0,0.0,2017,High Income
New Zealand,E2,0.0,85.7,0.0,0.0,0.0,0.0,0.0,2018,High Income
New Zealand,E3,0.0,87.8,0.0,0.0,0.0,0.0,0.0,2019,High Income
New Zealand,E4,81.0,87.8,51.0,85.6,94.5,95.6,75.3,2020,High Income
New Zealand,E5,83.5,87.8,56.0,87.9,97.9,89.2,72.5,2021,High Income
Nicaragua,E1,0.0,13.7,0.0,0.0,0.0,0.0,0.0,2017,Lower-Middle Income
Nicaragua,E2,0.0,15.9,0.0,0.0,0.0,0.0,0.0,2018,Lower-Middle Income
Nicaragua,E3,0.0,18.4,0.0,0.0,0.0,0.0,0.0,2019,Lower-Middle Income
Nicaragua,E4,55.7,18.4,34.6,51.7,75.9,64.8,39.3,2020,Lower-Middle Income
Nicaragua,E5,53.7,18.4,36.3,52.5,77.2,68.4,46.1,2021,Lower-Middle Income
Niger,E1,0.0,2.3,0.0,0.0,0.0,0.0,0.0,2017,Low Income
Niger,E2,15.2,2.8,13.2,31.1,36.1,25.1,33.6,2018,Low Income
Niger,E3,15.6,15.3,0.8,46.9,59.8,35.0,43.2,2019,Low Income
Niger,E4,17.6,9.5,9.1,47.1,60.1,39.4,43.4,2020,Low Income
Niger,E5,19.3,9.5,10.3,48.0,61.4,33.2,47.3,2021,Low Income
Nigeria,E1,0.0,12.2,0.0,0.0,0.0,0.0,0.0,2017,Lower-Middle Income
Nigeria,E2,39.0,14.9,21.0,81.7,82.1,47.8,56.8,2018,Lower-Middle Income
Nigeria,E3,38.0,7.2,23.8,79.4,78.7,63.6,53.9,2019,Lower-Middle Income
Nigeria,E4,45.3,7.2,28.3,79.0,77.9,71.6,63.1,2020,Lower-Middle Income
Nigeria,E5,46.3,7.2,30.0,70.0,84.5,83.6,70.5,2021,Lower-Middle Income
Oman,E1,0.0,84.0,0.0,0.0,0.0,0.0,0.0,2017,High Income
Oman,E2,65.8,86.1,35.0,61.0,87.5,64.2,70.0,2018,High Income
Oman,E3,67.1,88.6,38.7,59.5,85.5,65.3,72.2,2019,High Income
Oman,E4,70.9,88.6,42.2,61.2,88.0,87.4,76.5,2020,High Income
Oman,E5,73.4,94.5,43.7,63.1,90.8,82.0,80.2,2021,High Income
Pakistan,E1,0.0,18.8,0.0,0.0,0.0,0.0,0.0,2017,Lower-Middle Income
Pakistan,E2,35.4,21.9,25.3,67.2,80.6,47.0,49.6,2018,Lower-Middle Income
Pakistan,E3,40.6,11.5,28.4,67.1,80.4,53.1,58.2,2019,Lower-Middle Income
Pakistan,E4,43.3,11.5,31.7,66.5,79.5,65.9,59.5,2020,Lower-Middle Income
Pakistan,E5,47.0,33.9,34.0,67.0,80.3,57.3,61.4,2021,Lower-Middle Income
Panama,E1,0.0,52.6,0.0,0.0,0.0,0.0,0.0,2017,Upper-Middle Income
Panama,E2,0.0,53.8,0.0,0.0,0.0,0.0,0.0,2018,High Income
Panama,E3,58.8,64.2,32.4,76.7,93.4,50.8,69.3,2019,High Income
Panama,E4,61.4,72.3,36.4,74.9,90.9,69.8,67.8,2020,High Income
Panama,E5,64.9,70.6,40.9,75.1,91.1,67.0,60.2,2021,High Income
Papua New Guinea,E1,0.0,6.4,0.0,0.0,0.0,0.0,0.0,2017,Lower-Middle Income
Papua New Guinea,E2,0.0,8.5,0.0,0.0,0.0,0.0,0.0,2018,Lower-Middle Income
Papua New Guinea,E3,0.0,10.7,0.0,0.0,0.0,0.0,0.0,2019,Lower-Middle Income
Papua New Guinea,E4,41.2,10.7,28.4,51.8,77.1,58.4,57.7,2020,Lower-Middle Income
Papua New Guinea,E5,40.8,10.7,30.4,53.1,79.1,45.3,57.2,2021,Lower-Middle Income
Paraguay,E1,0.0,22.6,0.0,0.0,0.0,0.0,0.0,2017,Upper-Middle Income
Paraguay,E2,0.0,22.3,0.0,0.0,0.0,0.0,0.0,2018,Upper-Middle Income
Paraguay,E3,0.0,20.2,0.0,0.0,0.0,0.0,0.0,2019,Upper-Middle Income
Paraguay,E4,60.1,24.2,36.4,64.5,85.3,90.1,63.5,2020,Upper-Middle Income
Paraguay,E5,60.9,28.1,36.1,64.6,85.5,88.4,70.2,2021,Upper-Middle Income
Peru,E1,0.0,23.0,0.0,0.0,0.0,0.0,0.0,2017,Upper-Middle Income
Peru,E2,55.7,26.2,32.6,68.5,91.4,59.9,66.3,2018,Upper-Middle Income
Peru,E3,58.1,28.0,36.1,71.6,86.0,53.8,70.6,2019,Upper-Middle Income
Peru,E4,60.5,29.6,38.8,72.3,87.2,77.0,73.4,2020,Upper-Middle Income
Peru,E5,61.0,35.7,38.3,72.8,88.1,83.5,73.4,2021,Upper-Middle Income
Philippines,E1,0.0,35.9,0.0,0.0,0.0,0.0,0.0,2017,Lower-Middle Income
Philippines,E2,60.1,38.9,26.1,55.6,83.0,51.7,63.0,2018,Lower-Middle Income
Philippines,E3,59.9,42.5,29.7,55.4,82.6,52.6,63.1,2019,Lower-Middle Income
Philippines,E4,67.1,42.5,32.6,62.3,83.1,75.9,65.5,2020,Lower-Middle Income
Philippines,E5,66.9,17.5,33.7,63.4,84.7,77.6,61.2,2021,Lower-Middle Income
Poland,E1,0.0,75.7,0.0,0.0,0.0,0.0,0.0,2017,High Income
Poland,E2,69.1,80.3,35.8,85.9,87.1,74.2,77.0,2018,High Income
Poland,E3,70.1,81.8,38.0,86.4,87.7,74.9,74.9,2019,High Income
Poland,E4,74.2,84.2,42.0,88.0,90.2,93.2,79.1,2020,High Income
Poland,E5,76.3,86.7,45.4,89.1,91.9,94.1,79.6,2021,High Income
Portugal,E1,0.0,70.1,0.0,0.0,0.0,0.0,0.0,2017,High Income
Portugal,E2,69.2,74.0,38.6,76.1,91.8,69.7,74.0,2018,High Income
Portugal,E3,70.9,76.8,42.6,76.8,92.8,71.4,70.9,2019,High Income
Portugal,E4,72.6,79.3,47.2,76.4,92.4,93.8,74.6,2020,High Income
Portugal,E5,75.9,80.8,50.3,76.5,92.5,89.9,73.5,2021,High Income
Qatar,E1,0.0,95.8,0.0,0.0,0.0,0.0,0.0,2017,High Income
Qatar,E2,69.7,95.2,41.1,70.8,99.7,53.8,75.0,2018,High Income
Qatar,E3,70.9,94.6,46.4,70.3,99.0,61.3,79.8,2019,High Income
Qatar,E4,75.4,94.0,51.3,70.7,99.7,86.6,86.3,2020,High Income
Qatar,E5,79.0,93.6,61.8,70.2,99.5,83.0,86.7,2021,High Income
Romania,E1,0.0,67.6,0.0,0.0,0.0,0.0,0.0,2017,Upper-Middle Income
Romania,E2,69.8,72.3,46.7,80.3,89.2,57.5,66.4,2018,Upper-Middle Income
Romania,E3,71.9,76.4,50.8,81.0,90.2,58.3,76.0,2019,Upper-Middle Income
Romania,E4,76.9,80.8,56.0,80.0,88.7,81.5,73.7,2020,Upper-Middle Income
Romania,E5,78.1,83.6,59.1,81.7,91.3,87.8,66.7,2021,High Income
Russia,E1,0.0,72.0,0.0,0.0,0.0,0.0,0.0,2017,Upper-Middle Income
Russia,E2,66.0,74.7,34.7,87.5,90.3,73.3,57.6,2018,Upper-Middle Income
Russia,E3,67.2,76.2,37.4,87.5,90.3,74.8,65.1,2019,Upper-Middle Income
Russia,E4,70.0,76.5,40.9,87.5,90.3,92.0,62.9,2020,Upper-Middle Income
Russia,E5,72.2,76.8,43.9,89.3,92.9,92.3,64.3,2021,Upper-Middle Income
Rwanda,E1,0.0,6.4,0.0,0.0,0.0,0.0,0.0,2017,Low Income
Rwanda,E2,36.2,9.0,26.5,50.0,54.7,48.0,58.3,2018,Low Income
Rwanda,E3,41.4,9.0,28.5,57.3,55.7,46.1,63.2,2019,Low Income
Rwanda,E4,44.9,9.0,30.2,41.0,51.3,68.6,69.4,2020,Low Income
Rwanda,E5,44.5,9.0,30.7,50.3,55.3,64.4,73.7,2021,Low Income
Saudi Arabia,E1,0.0,94.0,0.0,0.0,0.0,0.0,0.0,2017,High Income
Saudi Arabia,E2,65.8,92.3,29.4,65.5,83.8,56.4,65.0,2018,High Income
Saudi Arabia,E3,68.6,93.0,35.5,70.0,90.5,67.0,68.7,2019,High Income
Saudi Arabia,E4,71.1,94.5,43.5,69.8,89.7,87.6,74.3,2020,High Income
Saudi Arabia,E5,73.1,99.2,51.6,60.6,85.3,87.1,72.9,2021,High Income
Senegal,E1,0.0,15.4,0.0,0.0,0.0,0.0,0.0,2017,Lower-Middle Income
Senegal,E2,41.4,19.7,20.3,59.6,78.5,39.2,59.1,2018,Lower-Middle Income
Senegal,E3,44.0,24.0,24.9,59.1,77.8,34.9,58.0,2019,Lower-Middle Income
Senegal,E4,47.6,6.3,31.0,59.2,78.1,50.8,71.5,2020,Lower-Middle Income
Senegal,E5,48.6,6.3,34.5,53.7,79.8,43.4,64.4,2021,Lower-Middle Income
Sierra Leone,E1,0.0,3.7,0.0,0.0,0.0,0.0,0.0,2017,Low Income
Sierra Leone,E2,0.0,10.4,0.0,0.0,0.0,0.0,0.0,2018,Low Income
Sierra Leone,E3,23.7,13.5,23.7,34.3,50.8,39.4,24.1,2019,Low Income
Sierra Leone,E4,29.7,13.5,31.0,39.0,57.9,49.0,24.3,2020,Low Income
Sierra Leone,E5,28.9,13.5,32.8,39.7,59.0,41.6,20.6,2021,Low Income
Singapore,E1,0.0,88.2,0.0,0.0,0.0,0.0,0.0,2017,High Income
Singapore,E2,80.8,91.1,67.8,81.2,96.0,66.9,74.8,2018,High Income
Singapore,E3,82.4,91.1,74.1,80.7,95.4,71.3,70.8,2019,High Income
Singapore,E4,86.3,97.7,77.5,77.9,92.2,87.1,77.4,2020,High Income
Singapore,E5,87.3,98.4,80.0,82.6,99.8,84.7,73.9,2021,High Income
Slovakia,E1,0.0,79.4,0.0,0.0,0.0,0.0,0.0,2017,High Income
Slovakia,E2,0.0,80.4,0.0,0.0,0.0,0.0,0.0,2018,High Income
Slovakia,E3,0.0,81.2,0.0,0.0,0.0,0.0,0.0,2019,High Income
Slovakia,E4,74.4,80.7,43.3,74.7,89.6,93.7,58.2,2020,High Income
Slovakia,E5,76.4,82.1,46.2,75.8,91.2,88.5,70.9,2021,High Income
South Africa,E1,0.0,49.8,0.0,0.0,0.0,0.0,0.0,2017,Upper-Middle Income
South Africa,E2,60.1,59.7,31.7,79.0,87.2,51.0,72.4,2018,Upper-Middle Income
South Africa,E3,60.9,61.7,34.1,79.0,87.2,49.7,75.9,2019,Upper-Middle Income
South Africa,E4,69.1,61.7,36.6,73.2,88.6,86.5,81.3,2020,Upper-Middle Income
South Africa,E5,68.6,61.7,39.4,73.4,88.7,82.9,76.3,2021,Upper-Middle Income
South Korea,E1,0.0,98.8,0.0,0.0,0.0,0.0,0.0,2017,High Income
South Korea,E2,76.9,99.2,56.4,83.3,88.8,72.1,67.5,2018,High Income
South Korea,E3,77.4,99.5,57.6,84.7,91.0,71.5,71.3,2019,High Income
South Korea,E4,83.7,99.5,64.1,84.7,91.6,84.9,75.1,2020,High Income
South Korea,E5,86.9,99.7,71.5,84.5,91.6,78.8,82.4,2021,High Income
Spain,E1,0.0,78.8,0.0,0.0,0.0,0.0,0.0,2017,High Income
Spain,E2,70.2,82.0,40.2,87.0,96.8,67.6,76.0,2018,High Income
Spain,E3,72.4,83.4,46.3,90.7,92.3,67.1,76.3,2019,High Income
Spain,E4,78.2,86.4,51.8,90.4,92.0,85.2,81.7,2020,High Income
Spain,E5,79.7,91.4,55.2,91.9,94.2,88.5,85.1,2021,High Income
Sri Lanka,E1,0.0,17.9,0.0,0.0,0.0,0.0,0.0,2017,Lower-Middle Income
Sri Lanka,E2,54.7,20.9,29.1,68.8,82.8,61.3,58.8,2018,Lower-Middle Income
Sri Lanka,E3,56.0,24.2,32.5,70.9,86.0,61.5,59.9,2019,Lower-Middle Income
Sri Lanka,E4,60.2,24.2,36.8,63.3,84.6,82.3,60.5,2020,Lower-Middle Income
Sri Lanka,E5,61.7,24.2,36.5,64.2,85.9,73.5,43.0,2021,Lower-Middle Income
Sudan,E1,0.0,32.1,0.0,0.0,0.0,0.0,0.0,2017,Lower-Middle Income
Sudan,E2,31.7,33.4,19.6,53.4,70.1,39.2,39.9,2018,Lower-Middle Income
Sudan,E3,31.6,33.4,23.9,52.8,69.1,40.7,42.5,2019,Lower-Middle Income
Sudan,E4,32.3,33.4,23.4,57.3,75.8,60.1,38.1,2020,Low Income
Sudan,E5,32.2,33.4,22.2,55.4,72.9,60.1,41.7,2021,Low Income
Sweden,E1,0.0,91.0,0.0,0.0,0.0,0.0,0.0,2017,High Income
Sweden,E2,75.9,92.0,44.9,91.7,93.3,71.1,77.6,2018,High Income
Sweden,E3,77.2,94.7,48.6,91.8,93.4,75.4,75.0,2019,High Income
Sweden,E4,81.3,94.7,54.1,92.3,94.0,89.6,81.6,2020,High Income
Sweden,E5,83.9,96.1,58.7,91.3,92.7,90.7,83.0,2021,High Income
Switzerland,E1,0.0,84.7,0.0,0.0,0.0,0.0,0.0,2017,High Income
Switzerland,E2,75.4,86.8,45.4,77.8,99.0,60.0,72.3,2018,High Income
Switzerland,E3,77.6,88.6,50.6,78.3,99.5,75.3,75.8,2019,High Income
Switzerland,E4,84.0,88.6,57.7,76.6,97.0,93.6,81.3,2020,High Income
Switzerland,E5,85.5,91.6,64.7,75.7,95.7,84.7,79.6,2021,High Income
Taiwan,E1,0.0,81.9,0.0,0.0,0.0,0.0,0.0,2017,High Income
Taiwan,E2,70.0,81.9,46.3,73.7,86.5,71.4,66.3,2018,High Income
Taiwan,E3,72.3,89.9,50.6,73.9,87.0,71.6,71.0,2019,High Income
Taiwan,E4,77.0,89.0,67.2,73.6,87.0,91.2,72.9,2020,High Income
Taiwan,E5,81.5,86.2,71.5,74.3,88.3,92.0,77.2,2021,High Income
Tanzania,E1,0.0,4.8,0.0,0.0,0.0,0.0,0.0,2017,Low Income
Tanzania,E2,31.4,8.2,25.0,63.1,74.3,49.3,61.0,2018,Low Income
Tanzania,E3,33.1,14.1,27.5,64.2,75.9,53.1,62.4,2019,Low Income
Tanzania,E4,34.4,14.1,29.8,71.0,76.1,59.6,65.1,2020,Low Income
Tanzania,E5,32.5,14.1,31.4,72.4,78.2,57.0,65.7,2021,Lower-Middle Income
Thailand,E1,0.0,52.1,0.0,0.0,0.0,0.0,0.0,2017,Upper-Middle Income
Thailand,E2,65.4,59.7,36.2,77.7,84.8,52.2,68.8,2018,Upper-Middle Income
Thailand,E3,67.3,64.3,38.2,78.4,85.9,57.4,49.7,2019,Upper-Middle Income
Thailand,E4,71.5,67.6,43.7,80.3,88.7,75.2,57.5,2020,Upper-Middle Income
Thailand,E5,76.4,74.5,58.9,79.5,87.5,69.9,50.3,2021,Upper-Middle Income
Trinidad & Tobago,E1,0.0,64.9,0.0,0.0,0.0,0.0,0.0,2017,High Income
Trinidad & Tobago,E2,0.0,70.8,0.0,0.0,0.0,0.0,0.0,2018,High Income
Trinidad & Tobago,E3,0.0,77.4,0.0,0.0,0.0,0.0,0.0,2019,High Income
Trinidad & Tobago,E4,71.8,77.4,38.0,71.5,86.6,61.1,71.0,2020,High Income
Trinidad & Tobago,E5,72.8,77.4,42.6,65.6,87.8,61.3,63.6,2021,High Income
Tunisia,E1,0.0,30.5,0.0,0.0,0.0,0.0,0.0,2017,Lower-Middle Income
Tunisia,E2,0.0,37.3,0.0,0.0,0.0,0.0,0.0,2018,Lower-Middle Income
Tunisia,E3,61.1,44.3,31.9,76.0,83.3,52.5,55.3,2019,Lower-Middle Income
Tunisia,E4,62.4,45.8,35.8,77.3,85.1,67.9,58.7,2020,Lower-Middle Income
Tunisia,E5,63.2,51.4,37.4,75.8,82.8,60.1,57.4,2021,Lower-Middle Income
Turkey,E1,0.0,69.4,0.0,0.0,0.0,0.0,0.0,2017,Upper-Middle Income
Turkey,E2,63.9,76.2,36.5,63.6,84.6,68.7,65.6,2018,Upper-Middle Income
Turkey,E3,66.6,80.6,39.0,64.4,85.6,70.9,68.2,2019,Upper-Middle Income
Turkey,E4,69.4,83.8,41.3,63.7,84.4,87.8,74.4,2020,Upper-Middle Income
Turkey,E5,70.2,88.3,42.2,64.5,85.4,79.2,77.1,2021,Upper-Middle Income
UAE,E1,0.0,94.3,0.0,0.0,0.0,0.0,0.0,2017,High Income
UAE,E2,67.9,94.3,44.6,66.0,93.0,57.7,64.5,2018,High Income
UAE,E3,70.8,96.9,48.9,64.6,91.0,62.7,66.2,2019,High Income
UAE,E4,77.7,98.4,53.9,66.5,94.2,83.5,64.7,2020,High Income
UAE,E5,81.3,99.1,67.5,67.2,95.4,85.1,65.0,2021,High Income
Uganda,E1,0.0,6.9,0.0,0.0,0.0,0.0,0.0,2017,Low Income
Uganda,E2,28.6,8.6,25.0,52.2,67.6,62.7,59.5,2018,Low Income
Uganda,E3,27.9,10.5,27.9,53.3,69.4,66.4,60.0,2019,Low Income
Uganda,E4,36.5,10.5,31.1,55.1,72.1,74.1,71.9,2020,Low Income
Uganda,E5,39.4,10.5,31.4,56.8,74.5,76.1,71.1,2021,Low Income
Ukraine,E1,0.0,50.1,0.0,0.0,0.0,0.0,0.0,2017,Lower-Middle Income
Ukraine,E2,59.1,54.5,30.6,73.8,80.4,70.3,55.3,2018,Lower-Middle Income
Ukraine,E3,61.0,60.2,35.7,76.4,84.3,72.5,65.6,2019,Lower-Middle Income
Ukraine,E4,65.2,61.8,40.8,73.6,80.0,91.9,69.8,2020,Lower-Middle Income
Ukraine,E5,68.4,61.8,44.0,75.5,82.8,86.9,62.4,2021,Lower-Middle Income
United Kingdom,E1,0.0,91.3,0.0,0.0,0.0,0.0,0.0,2017,High Income
United Kingdom,E2,72.8,93.5,39.5,92.7,94.9,63.2,70.9,2018,High Income
United Kingdom,E3,73.8,89.6,41.1,92.6,94.6,68.2,72.7,2019,High Income
United Kingdom,E4,77.4,90.2,43.0,93.7,96.4,85.3,77.2,2020,High Income
United Kingdom,E5,79.6,92.9,44.1,94.7,98.0,84.1,76.5,2021,High Income
United States,E1,0.0,81.4,0.0,0.0,0.0,0.0,0.0,2017,High Income
United States,E2,71.6,81.8,38.0,95.8,94.3,71.2,69.6,2018,High Income
United States,E3,73.0,83.8,41.6,97.9,97.6,75.5,64.4,2019,High Income
United States,E4,78.5,85.3,46.5,98.0,97.8,90.8,74.7,2020,High Income
United States,E5,80.8,85.3,50.5,92.3,99.4,92.9,81.9,2021,High Income
Uruguay,E1,0.0,59.6,0.0,0.0,0.0,0.0,0.0,2017,High Income
Uruguay,E2,0.0,61.7,0.0,0.0,0.0,0.0,0.0,2018,High Income
Uruguay,E3,64.4,64.2,37.8,61.7,90.3,71.6,68.1,2019,High Income
Uruguay,E4,69.6,68.3,40.9,62.5,91.6,89.3,73.7,2020,High Income
Uruguay,E5,70.2,69.2,43.3,69.9,92.5,86.5,67.1,2021,High Income
Uzbekistan,E1,0.0,75.1,0.0,0.0,0.0,0.0,0.0,2017,Lower-Middle Income
Uzbekistan,E2,52.2,79.6,26.0,54.8,69.6,59.8,59.2,2018,Lower-Middle Income
Uzbekistan,E3,53.8,79.8,26.6,57.7,74.0,59.8,59.3,2019,Lower-Middle Income
Uzbekistan,E4,53.5,80.3,29.1,63.1,72.2,73.1,52.8,2020,Lower-Middle Income
Uzbekistan,E5,59.1,80.3,33.0,63.0,72.2,70.7,64.9,2021,Lower-Middle Income
Venezuela,E1,0.0,34.5,0.0,0.0,0.0,0.0,0.0,2017,High Income
Venezuela,E2,55.1,33.8,21.1,61.7,81.0,44.8,44.5,2018,High Income
Venezuela,E3,54.2,33.3,21.8,64.4,85.0,53.4,46.5,2019,High Income
Venezuela,E4,53.4,33.3,18.6,64.3,85.0,71.1,52.9,2020,High Income
Venezuela,E5,57.1,33.3,21.1,64.3,85.0,75.3,48.9,2021,High Income
Vietnam,E1,0.0,23.9,0.0,0.0,0.0,0.0,0.0,2017,Lower-Middle Income
Vietnam,E2,54.9,25.7,35.9,71.6,84.8,72.2,66.0,2018,Lower-Middle Income
Vietnam,E3,61.8,27.1,39.2,68.3,79.9,73.3,71.5,2019,Lower-Middle Income
Vietnam,E4,66.3,45.8,43.2,70.9,83.9,83.1,69.4,2020,Lower-Middle Income
Vietnam,E5,69.1,45.8,49.8,69.4,81.7,79.8,69.9,2021,Lower-Middle Income
Zambia,E1,0.0,12.4,0.0,0.0,0.0,0.0,0.0,2017,Lower-Middle Income
Zambia,E2,30.1,14.0,25.0,54.4,71.0,42.8,48.0,2018,Lower-Middle Income
Zambia,E3,36.0,16.3,25.6,56.6,74.3,37.9,59.1,2019,Lower-Middle Income
Zambia,E4,37.5,17.5,29.6,57.6,75.7,49.1,59.6,2020,Lower-Middle Income
Zambia,E5,37.5,17.5,31.6,58.8,77.6,59.1,60.5,2021,Lower-Middle Income
Zimbabwe,E1,0.0,21.4,0.0,0.0,0.0,0.0,0.0,2017,Lower-Middle Income
Zimbabwe,E2,0.0,21.9,0.0,0.0,0.0,0.0,0.0,2018,Lower-Middle Income
Zimbabwe,E3,0.0,23.8,0.0,0.0,0.0,0.0,0.0,2019,Lower-Middle Income
Zimbabwe,E4,43.2,30.1,31.6,38.9,58.3,54.0,49.7,2020,Lower-Middle Income
Zimbabwe,E5,48.0,30.1,31.2,40.4,60.6,49.9,53.4,2021,Lower-Middle Income
